cell_barcode,num_features,feature_call,num_umis
AAACCCAAGACAGCTG-1,1,CMO305,5518
AAACCCACAAAGACGC-1,1,CMO305,14659
AAACGAAAGCACTCGC-1,1,CMO305,27237
AAACGAACAAATGGTA-1,1,CMO305,6338
AAAGGATGTGTGTTTG-1,1,CMO305,15139
AAAGGGCCACGTGTGC-1,1,CMO305,14014
AAAGTCCTCAGACCTA-1,1,CMO305,5407
AAAGTGAGTCGTCGGT-1,1,CMO305,7573
AAAGTGAGTGGACTAG-1,1,CMO305,17581
AAAGTGATCATCACAG-1,1,CMO305,8079
AAATGGAAGGGAGGGT-1,1,CMO305,16709
AAATGGATCCTAGCCT-1,1,CMO305,8995
AACAAAGCAAAGGCAC-1,1,CMO305,14990
AACAAAGGTATACCCA-1,1,CMO305,15684
AACAAAGGTGTCCAAT-1,1,CMO305,16816
AACAAAGTCTACCCAC-1,1,CMO305,14325
AACAACCAGCGACATG-1,1,CMO305,3935
AACAACCGTTACAGCT-1,1,CMO305,14711
AACAACCTCGGCCTTT-1,1,CMO305,18985
AACAAGAAGGATGCGT-1,1,CMO305,13185
AACAAGACACTGCGAC-1,1,CMO305,8320
AACAAGATCAAATGCC-1,1,CMO305,15430
AACAGGGCACCGTCGA-1,1,CMO305,24919
AACAGGGTCGTAACCA-1,1,CMO305,22052
AACCAACAGATACGAT-1,1,CMO305,7038
AACCAACAGATTTGCC-1,1,CMO305,4121
AACCAACGTTGTATGC-1,1,CMO305,13516
AACCACAGTCGCCACA-1,1,CMO305,8884
AACCATGCAGTTAGGG-1,1,CMO305,12659
AACCCAAGTACCCGCA-1,1,CMO305,9522
AACCCAAGTTGGAGGT-1,1,CMO305,9182
AACCCAATCGTCAGAT-1,1,CMO305,4102
AACCTGAAGGATTTAG-1,1,CMO305,4387
AACCTGACAACGATCT-1,1,CMO305,6614
AACCTTTTCAGTGTGT-1,1,CMO305,12407
AACCTTTTCCAAGCTA-1,1,CMO305,14582
AACCTTTTCCCAACTC-1,1,CMO305,7637
AACCTTTTCGCCCAGA-1,1,CMO305,12736
AACGAAAAGAGCTTTC-1,1,CMO305,6041
AACGAAAAGCGACTTT-1,1,CMO305,7608
AACGAAAAGCTAGTTC-1,1,CMO305,4077
AACGAAACACCAGACC-1,1,CMO305,28387
AACGAAACATCGGAAG-1,1,CMO305,12860
AACGGGATCATTGTTC-1,1,CMO305,27494
AACGTCATCCACGTAA-1,1,CMO305,22524
AACGTCATCTGCCCTA-1,1,CMO305,24709
AACTTCTAGCTTGTTG-1,1,CMO305,12671
AACTTCTTCGCGTGCA-1,1,CMO305,3496
AAGACAAAGGGCAAGG-1,1,CMO305,3170
AAGACAAAGTTTCAGC-1,1,CMO305,5916
AAGACAAGTGGCAGAT-1,1,CMO305,9030
AAGACTCAGCAACAGC-1,1,CMO305,29263
AAGACTCCAATACGCT-1,1,CMO305,5024
AAGATAGCAGGCATGA-1,1,CMO305,16940
AAGCATCCAAGAGAGA-1,1,CMO305,8652
AAGCATCCATAGATCC-1,1,CMO305,29767
AAGCATCGTCATATGC-1,1,CMO305,5212
AAGCCATAGAATCGAT-1,1,CMO305,15342
AAGCCATAGCTGCGAA-1,1,CMO305,20007
AAGCCATCATCGAACT-1,1,CMO305,13580
AAGCCATTCGGTCGAC-1,1,CMO305,9624
AAGCGAGAGGACACTG-1,1,CMO305,10953
AAGCGAGCATCGATGT-1,1,CMO305,30319
AAGGAATCACACTTAG-1,1,CMO305,5899
AAGGAATCAGGCTACC-1,1,CMO305,3812
AAGGAATGTCCTGGTG-1,1,CMO305,12641
AAGGAATGTCTGCAAT-1,1,CMO305,12912
AAGGAATTCACGATCA-1,1,CMO305,25325
AAGGAATTCGCTGTCT-1,1,CMO305,24013
AAGGTAAAGAGGTTTA-1,1,CMO305,10259
AAGGTAACAGAGTAAT-1,1,CMO305,15396
AAGGTAACAGCGCGTT-1,1,CMO305,18238
AAGTACCAGAGAGTGA-1,1,CMO305,14934
AAGTACCTCCTTCACG-1,1,CMO305,9144
AAGTGAAAGCAATAAC-1,1,CMO305,11399
AAGTTCGAGCCTCAAT-1,1,CMO305,3331
AAGTTCGGTACAAGCG-1,1,CMO305,8917
AAGTTCGGTATCGTAC-1,1,CMO305,19624
AATAGAGGTGGTCTTA-1,1,CMO305,11938
AATAGAGTCCTCCACA-1,1,CMO305,5079
AATCGACGTCCGCAGT-1,1,CMO305,16364
AATCGACGTGTCGCTG-1,1,CMO305,11930
AATCGTGAGCGCATCC-1,1,CMO305,9358
AATCGTGCAGGCGTTC-1,1,CMO305,6862
AATCGTGTCCTGTTGC-1,1,CMO305,3454
AATCGTGTCGTCGACG-1,1,CMO305,9022
AATGAAGGTGGAATGC-1,1,CMO305,8181
AATGACCGTTTCCATT-1,1,CMO305,10324
AATGCCAAGTTACGGG-1,1,CMO305,11364
AATGCCAGTCGAATTC-1,1,CMO305,5562
AATGGAAGTCGTCAGC-1,1,CMO305,10102
AATGGAATCATAAGGA-1,1,CMO305,6270
AATGGCTCAATTGGTC-1,1,CMO305,8308
ACAACCAAGACCACGA-1,1,CMO305,5415
ACAAGCTAGATAACAC-1,1,CMO305,11173
ACACAGTTCTGAGCAT-1,1,CMO305,11911
ACACCAACAGAATTCC-1,1,CMO305,13026
ACACCAAGTAAGGCTG-1,1,CMO305,20755
ACACGCGAGCTACGTT-1,1,CMO305,6596
ACACGCGAGGGTACGT-1,1,CMO305,11709
ACACGCGCAGTTGGTT-1,1,CMO305,7739
ACAGAAATCCCGAGAC-1,1,CMO305,21286
ACAGCCGAGCAATTCC-1,1,CMO305,9095
ACATCCCAGAGCATTA-1,1,CMO305,7133
ACATCCCTCCTGCCAT-1,1,CMO305,10710
ACATCGAGTCTAACGT-1,1,CMO305,3406
ACATCGATCGTCCTTG-1,1,CMO305,10333
ACATGCAAGAGAGCGG-1,1,CMO305,18669
ACATGCACACCGCTGA-1,1,CMO305,5703
ACATTTCAGACTAGAT-1,1,CMO305,9230
ACATTTCAGTGGGAAA-1,1,CMO305,16717
ACATTTCGTGAGGAAA-1,1,CMO305,9236
ACCAAACAGGCCTTGC-1,1,CMO305,15005
ACCAAACCAAAGCTCT-1,1,CMO305,8059
ACCAACACACCGTCTT-1,1,CMO305,14826
ACCACAAAGGCCTAGA-1,1,CMO305,3167
ACCACAAGTCACCACG-1,1,CMO305,9455
ACCATTTAGTGCAGCA-1,1,CMO305,15872
ACCCAAAGTGTCCCTT-1,1,CMO305,14532
ACCCAAATCACTTGTT-1,1,CMO305,16650
ACCCAAATCGGAAGGT-1,1,CMO305,19074
ACCCTCAGTGAGAGGG-1,1,CMO305,11889
ACCCTCATCCAGCACG-1,1,CMO305,5617
ACCCTCATCTCGTCGT-1,1,CMO305,16862
ACCCTTGAGAGGGTGG-1,1,CMO305,10750
ACCCTTGCAGAATGTA-1,1,CMO305,9405
ACCCTTGGTAGGATAT-1,1,CMO305,4360
ACCCTTGGTTTACACG-1,1,CMO305,12531
ACCGTTCAGGTCCTGC-1,1,CMO305,11861
ACCTACCTCACTCGAA-1,1,CMO305,6165
ACCTGAAAGAGAGTGA-1,1,CMO305,9024
ACCTGTCTCCAATCTT-1,1,CMO305,3262
ACGATCAGTATGATCC-1,1,CMO305,12134
ACGATCAGTGGAGGTT-1,1,CMO305,15763
ACGATGTAGCTATCCA-1,1,CMO305,7400
ACGATGTCAGTCAACT-1,1,CMO305,23147
ACGATGTTCAGAGCGA-1,1,CMO305,11585
ACGGAAGCATGTGTCA-1,1,CMO305,6355
ACGGAAGGTCCACGCA-1,1,CMO305,25349
ACGGTCGCAGATGCGA-1,1,CMO305,15389
ACGGTCGTCAGCGTCG-1,1,CMO305,25920
ACGTAACAGCCTGGAA-1,1,CMO305,8105
ACGTAACTCAGCAATC-1,1,CMO305,19981
ACGTAACTCATTACCT-1,1,CMO305,12234
ACGTAACTCGTAGCTA-1,1,CMO305,12737
ACGTACACAAGGTCGA-1,1,CMO305,23093
ACGTACACATGGGAAC-1,1,CMO305,11847
ACGTAGTGTGATGTAA-1,1,CMO305,17651
ACGTAGTTCGTGGTAT-1,1,CMO305,11398
ACGTCCTAGACTCGAG-1,1,CMO305,7519
ACGTCCTTCTTCCCAG-1,1,CMO305,10183
ACGTTCCCAGCTACTA-1,1,CMO305,3697
ACTACGAGTACTTCCC-1,1,CMO305,7582
ACTACGAGTTCCGCAG-1,1,CMO305,12656
ACTATCTCACGCTTAA-1,1,CMO305,10175
ACTATCTGTCAGTCGC-1,1,CMO305,11559
ACTATCTGTTTCACAG-1,1,CMO305,12712
ACTATGGGTGAATAAC-1,1,CMO305,8963
ACTATTCAGGGACAGG-1,1,CMO305,13626
ACTATTCAGTCACTAC-1,1,CMO305,5225
ACTATTCCACGGTGCT-1,1,CMO305,16182
ACTATTCTCGTTCCCA-1,1,CMO305,3720
ACTCCCAGTAATGTGA-1,1,CMO305,9463
ACTCTCGAGAGTCAGC-1,1,CMO305,11075
ACTCTCGAGGCCTTGC-1,1,CMO305,7716
ACTGCAAAGAGTCAAT-1,1,CMO305,6189
ACTGCAAAGCCGCTTG-1,1,CMO305,6620
ACTGCAACAACCGATT-1,1,CMO305,17072
ACTGCAAGTCAGTCCG-1,1,CMO305,13111
ACTGTGATCAGACATC-1,1,CMO305,11104
ACTTCGCAGCGTGAAC-1,1,CMO305,6761
ACTTCGCTCTAAACGC-1,1,CMO305,9652
ACTTTCACACGGTGAA-1,1,CMO305,9406
ACTTTCAGTCCAGGTC-1,1,CMO305,10306
ACTTTCAGTCGGCTAC-1,1,CMO305,9051
ACTTTGTAGAAGCCTG-1,1,CMO305,18034
AGAAATGAGGTGCTAG-1,1,CMO305,5132
AGAACCTGTTCTCAGA-1,1,CMO305,7319
AGAAGCGAGATCCTAC-1,1,CMO305,15045
AGAAGCGAGTCAGAGC-1,1,CMO305,9779
AGAAGCGCAAGAGATT-1,1,CMO305,4092
AGAAGCGCACCCTAAA-1,1,CMO305,18309
AGACAAAAGAAACACT-1,1,CMO305,12572
AGACACTAGCACGATG-1,1,CMO305,6053
AGACACTTCTACTCAT-1,1,CMO305,4872
AGACAGGAGTAGTCTC-1,1,CMO305,4724
AGACAGGAGTATAGAC-1,1,CMO305,15238
AGACAGGCACTCCCTA-1,1,CMO305,6755
AGACAGGGTGCTGTCG-1,1,CMO305,19604
AGACAGGGTTACCCTC-1,1,CMO305,6723
AGACAGGTCCAACCAA-1,1,CMO305,6838
AGACAGGTCGGAACTT-1,1,CMO305,6411
AGACCATAGTTGGCTT-1,1,CMO305,12306
AGACCATCAGCGTAGA-1,1,CMO305,15012
AGACCATTCCAACCAA-1,1,CMO305,6688
AGACCATTCTCGACGG-1,1,CMO305,23835
AGACCCGAGAGTCTTC-1,1,CMO305,19222
AGACCCGAGTTCACTG-1,1,CMO305,21053
AGACCCGCATCCAACA-1,1,CMO305,17525
AGACCCGGTATAGCTC-1,1,CMO305,9551
AGACTCAAGTTGCATC-1,1,CMO305,13701
AGACTCACATTCTTCA-1,1,CMO305,6339
AGACTCAGTGACGTCC-1,1,CMO305,11942
AGACTCATCAGTCATG-1,1,CMO305,8174
AGAGAATCACCCTGTT-1,1,CMO305,13892
AGAGAATGTTCCTAAG-1,1,CMO305,15181
AGAGAGCGTGACAACG-1,1,CMO305,16457
AGAGCAGCAGCTTCCT-1,1,CMO305,9119
AGAGCAGTCACGAACT-1,1,CMO305,19550
AGATAGACAATGGGTG-1,1,CMO305,14323
AGATAGATCGTCTACC-1,1,CMO305,11063
AGATAGATCTGCTCTG-1,1,CMO305,14789
AGATCCAAGATACAGT-1,1,CMO305,18662
AGATCGTAGAAACACT-1,1,CMO305,13147
AGATCGTTCGTAGGGA-1,1,CMO305,10223
AGATGAAAGTGGATAT-1,1,CMO305,13633
AGATGAATCCTCGCAT-1,1,CMO305,3764
AGATGCTAGCAACAAT-1,1,CMO305,9301
AGATGCTCAAAGGCGT-1,1,CMO305,5869
AGATGCTGTTAAGTCC-1,1,CMO305,12270
AGATGCTTCGCCGTGA-1,1,CMO305,18037
AGCATCAGTAACCAGG-1,1,CMO305,6419
AGCATCAGTTCGGTTA-1,1,CMO305,13471
AGCATCATCCTGCCAT-1,1,CMO305,23168
AGCCAATAGTCCTGTA-1,1,CMO305,6031
AGCCAATTCGCGTCGA-1,1,CMO305,9757
AGCCACGCAAATGAAC-1,1,CMO305,14101
AGCCACGTCGGACAAG-1,1,CMO305,46672
AGCCAGCGTATCGTGT-1,1,CMO305,12371
AGCCAGCTCGTAACAC-1,1,CMO305,10336
AGCCAGCTCTCACTCG-1,1,CMO305,4213
AGCCAGCTCTGTCCCA-1,1,CMO305,11397
AGCGATTAGATACTGA-1,1,CMO305,5738
AGCGATTAGCAATAGT-1,1,CMO305,4373
AGCGCCAAGCTCCCTT-1,1,CMO305,7303
AGCGCCACAAGGCAAC-1,1,CMO305,3583
AGCGTATTCAAGTAAG-1,1,CMO305,9220
AGCGTATTCTACAGGT-1,1,CMO305,7020
AGCGTCGAGCCTCTGG-1,1,CMO305,9722
AGCTACAAGCATACTC-1,1,CMO305,5526
AGCTACACAATAGTCC-1,1,CMO305,3929
AGCTACACATCCGATA-1,1,CMO305,13846
AGCTACAGTGGTAACG-1,1,CMO305,12732
AGCTACATCAGAGCGA-1,1,CMO305,11123
AGCTACATCCGCGGAT-1,1,CMO305,12800
AGCTCAACACCGCTAG-1,1,CMO305,5403
AGCTTCCAGATGTTAG-1,1,CMO305,6874
AGCTTCCGTAGCACGA-1,1,CMO305,6185
AGGAAATAGCACTCCG-1,1,CMO305,18392
AGGAAATAGGTTCACT-1,1,CMO305,3426
AGGAAATCACGCCACA-1,1,CMO305,21609
AGGAATAAGTATGACA-1,1,CMO305,18584
AGGAATACAATCTAGC-1,1,CMO305,9805
AGGACGAAGCAGATAT-1,1,CMO305,34968
AGGACGAAGCTACTGT-1,1,CMO305,3484
AGGACGACAAGCTGCC-1,1,CMO305,9192
AGGACGACACGCTGCA-1,1,CMO305,9117
AGGACGACATCTATCT-1,1,CMO305,11542
AGGAGGTTCGTACCTC-1,1,CMO305,4351
AGGATAACAGGACTAG-1,1,CMO305,8390
AGGATCTCAACCACAT-1,1,CMO305,6462
AGGATCTGTCGACTTA-1,1,CMO305,4049
AGGATCTTCCGGTTCT-1,1,CMO305,20265
AGGCATTTCCACGTGG-1,1,CMO305,21496
AGGCATTTCGCGCCAA-1,1,CMO305,12820
AGGCCACAGCACGGAT-1,1,CMO305,9477
AGGCCACAGGAACGAA-1,1,CMO305,9219
AGGCTGCAGCGTGCCT-1,1,CMO305,4269
AGGCTGCCATGTCTAG-1,1,CMO305,11294
AGGGAGTTCACTCACC-1,1,CMO305,8371
AGGGAGTTCCAACCGG-1,1,CMO305,4484
AGGGCCTTCCACGTGG-1,1,CMO305,9911
AGGGCTCCACTGGAAG-1,1,CMO305,4656
AGGGCTCGTATCGAGG-1,1,CMO305,8809
AGGGTCCTCTACTGAG-1,1,CMO305,17454
AGGGTGAAGATTCGAA-1,1,CMO305,8228
AGGGTTTTCCAGGACC-1,1,CMO305,4396
AGGTAGGAGACAAGCC-1,1,CMO305,3623
AGGTAGGAGGTTAAAC-1,1,CMO305,17313
AGGTAGGGTGTTGATC-1,1,CMO305,15902
AGGTAGGTCCCGTGTT-1,1,CMO305,15086
AGGTAGGTCGTGGGTC-1,1,CMO305,7504
AGGTCATAGACTTGTC-1,1,CMO305,7762
AGGTCATCACGATAGG-1,1,CMO305,11707
AGGTCATTCAGCCTTC-1,1,CMO305,19326
AGGTCATTCATAGCAC-1,1,CMO305,24552
AGGTGTTAGTCATGCT-1,1,CMO305,10477
AGGTTACCAAGTACCT-1,1,CMO305,14064
AGGTTGTTCACAGAGG-1,1,CMO305,4149
AGTAACCCAACCGCCA-1,1,CMO305,18801
AGTAACCCAGGACAGT-1,1,CMO305,4191
AGTACCAAGGTTCATC-1,1,CMO305,10826
AGTACCACAACCGATT-1,1,CMO305,9031
AGTACCACAGGGACTA-1,1,CMO305,7741
AGTACTGCAGTCAGCC-1,1,CMO305,8679
AGTAGCTAGTCCGCCA-1,1,CMO305,11247
AGTAGCTTCAAGATAG-1,1,CMO305,18135
AGTAGTCGTAAGAACT-1,1,CMO305,15355
AGTAGTCTCTGTTGGA-1,1,CMO305,4001
AGTCAACTCCCTCAAC-1,1,CMO305,12405
AGTCACAAGACCAACG-1,1,CMO305,11960
AGTCACAAGTAATCCC-1,1,CMO305,17969
AGTCACACAAACGTGG-1,1,CMO305,18881
AGTCACACACTCCCTA-1,1,CMO305,3972
AGTCACACATCATGAC-1,1,CMO305,9610
AGTCATGAGGCGTTGA-1,1,CMO305,9907
AGTCATGTCTTGATTC-1,1,CMO305,8949
AGTCTCCGTACGTGTT-1,1,CMO305,13743
AGTCTCCGTTCAGGTT-1,1,CMO305,4098
AGTGACTAGTACTCGT-1,1,CMO305,3349
AGTGACTTCTCTCCGA-1,1,CMO305,10526
AGTGATCGTCATCAGT-1,1,CMO305,15576
AGTGCCGCAGGCGATA-1,1,CMO305,8478
AGTGCCGCATGGATCT-1,1,CMO305,12548
AGTTAGCCAGGCTCTG-1,1,CMO305,4351
AGTTCGATCATCACAG-1,1,CMO305,10654
AGTTCGATCTGAATCG-1,1,CMO305,9788
ATACCGAGTTGGACTT-1,1,CMO305,14930
ATACCTTGTGTTACAC-1,1,CMO305,8492
ATACTTCGTATCGAAA-1,1,CMO305,5591
ATACTTCGTTGGTGTT-1,1,CMO305,4710
ATAGACCAGCTGAAAT-1,1,CMO305,12845
ATAGACCCACTGGAAG-1,1,CMO305,9552
ATAGACCGTCTCAGAT-1,1,CMO305,6130
ATAGAGACATCACAGT-1,1,CMO305,5778
ATAGAGAGTCAGATTC-1,1,CMO305,24686
ATAGAGAGTGACACGA-1,1,CMO305,7212
ATAGGCTTCGACCACG-1,1,CMO305,8094
ATATCCTTCCGTATAG-1,1,CMO305,15868
ATATCCTTCGGCATTA-1,1,CMO305,13751
ATCACAGGTCCTATAG-1,1,CMO305,4539
ATCACGACAATACAGA-1,1,CMO305,17840
ATCACGAGTTGTTGTG-1,1,CMO305,6467
ATCACTTTCACGAACT-1,1,CMO305,10335
ATCACTTTCTGGTCAA-1,1,CMO305,10990
ATCAGGTAGCCGCTTG-1,1,CMO305,5455
ATCATTCGTAACATCC-1,1,CMO305,16549
ATCCACCGTGGTCTGC-1,1,CMO305,19357
ATCCACCTCGGTAACT-1,1,CMO305,10368
ATCCCTGAGATTAGTG-1,1,CMO305,3787
ATCCCTGAGGAATGTT-1,1,CMO305,7588
ATCCCTGCAGGAATAT-1,1,CMO305,5045
ATCCCTGCATCTTCGC-1,1,CMO305,7468
ATCCTATCACCCAAGC-1,1,CMO305,3994
ATCCTATCAGCTACTA-1,1,CMO305,5323
ATCCTATGTTTCTATC-1,1,CMO305,8451
ATCGATGAGGTCCGAA-1,1,CMO305,34563
ATCGATGCAATTGTGC-1,1,CMO305,15345
ATCGATGCATTGTGCA-1,1,CMO305,8311
ATCGATGGTAGAAACT-1,1,CMO305,6399
ATCGATGTCCATTGTT-1,1,CMO305,4154
ATCGCCTTCGAGGCAA-1,1,CMO305,19176
ATCGGATAGAGAGAAC-1,1,CMO305,9394
ATCGGATAGTGAGGCT-1,1,CMO305,3875
ATCGGCGAGTCCCAAT-1,1,CMO305,12466
ATCGGCGCAGCGGATA-1,1,CMO305,4207
ATCGTAGAGAATCGAT-1,1,CMO305,12183
ATCGTAGGTTCTAAGC-1,1,CMO305,13073
ATCGTAGTCCGTAATG-1,1,CMO305,26768
ATCGTCCGTCGAGTGA-1,1,CMO305,5584
ATCGTGACATCGCTGG-1,1,CMO305,7687
ATCTCTAAGCACACCC-1,1,CMO305,7091
ATCTCTACATAGAATG-1,1,CMO305,19547
ATCTCTAGTCCAGCGT-1,1,CMO305,14210
ATCTCTATCTCTTCAA-1,1,CMO305,10566
ATCTTCAAGAATACAC-1,1,CMO305,10210
ATCTTCAGTACTGCCG-1,1,CMO305,17453
ATGAAAGAGGTTGACG-1,1,CMO305,13468
ATGAAAGGTCTGATCA-1,1,CMO305,3316
ATGAAAGTCCCAGTGG-1,1,CMO305,18024
ATGAAAGTCTCGCAGG-1,1,CMO305,4401
ATGAGGGCAAGGGCAT-1,1,CMO305,4956
ATGAGGGCATCCGAGC-1,1,CMO305,3327
ATGAGTCCAAGTGCTT-1,1,CMO305,6670
ATGAGTCCAGGATGAC-1,1,CMO305,17193
ATGATCGAGAGGGTCT-1,1,CMO305,9775
ATGATCGCATCAGTGT-1,1,CMO305,5528
ATGATCGGTGCGGCTT-1,1,CMO305,18205
ATGCATGAGGTACATA-1,1,CMO305,21443
ATGCCTCCAATAGGAT-1,1,CMO305,15844
ATGCCTCGTCGAGTGA-1,1,CMO305,5438
ATGCCTCTCAAGTTGC-1,1,CMO305,4863
ATGCGATCATGATCTG-1,1,CMO305,5399
ATGCGATGTCCACAGC-1,1,CMO305,3869
ATGGAGGGTAGGAGTC-1,1,CMO305,7884
ATGGGAGAGATGGTCG-1,1,CMO305,11553
ATGGGAGGTCCTCAGG-1,1,CMO305,21185
ATGGGAGGTCTGTCAA-1,1,CMO305,18458
ATGGGTTGTCAGGAGT-1,1,CMO305,5612
ATGGGTTTCAAGAAAC-1,1,CMO305,17184
ATGGGTTTCATTCACT-1,1,CMO305,4175
ATGGGTTTCGCTGTTC-1,1,CMO305,3931
ATGGTTGTCGGTGTAT-1,1,CMO305,21479
ATGTCCCAGTGTTCAC-1,1,CMO305,9613
ATGTCCCTCCACTGAA-1,1,CMO305,22912
ATGTCTTCACTCTAGA-1,1,CMO305,4999
ATTACCTAGACAAGCC-1,1,CMO305,15186
ATTACCTTCGGTATGT-1,1,CMO305,7624
ATTACTCAGCACCGAA-1,1,CMO305,3273
ATTACTCCACAACCGC-1,1,CMO305,3333
ATTACTCTCAACGTGT-1,1,CMO305,22860
ATTATCCCATGGGTTT-1,1,CMO305,8595
ATTCAGGCAACTTGGT-1,1,CMO305,19459
ATTCAGGTCCTACAAG-1,1,CMO305,9158
ATTCATCCAACTGTGT-1,1,CMO305,10612
ATTCATCGTTCCTAGA-1,1,CMO305,24244
ATTCATCTCTCTCCGA-1,1,CMO305,8520
ATTCCTAGTCACTGAT-1,1,CMO305,11720
ATTCTACTCAATCTCT-1,1,CMO305,4014
ATTCTACTCCCAGTGG-1,1,CMO305,3496
ATTCTTGCACGGGCTT-1,1,CMO305,5213
ATTCTTGTCCTTATGT-1,1,CMO305,6046
ATTGTTCAGCTCCGAC-1,1,CMO305,10821
ATTGTTCGTCTGTGAT-1,1,CMO305,7250
ATTTACCGTGGGCTCT-1,1,CMO305,19652
ATTTCACCAGTTGTCA-1,1,CMO305,6675
ATTTCACCATCACGGC-1,1,CMO305,4410
ATTTCTGAGTAATACG-1,1,CMO305,8457
CAAAGAAAGATGAACT-1,1,CMO305,4343
CAACAACAGCCAGTAG-1,1,CMO305,10599
CAACAACAGGTAGCAC-1,1,CMO305,5717
CAACAACTCAGCGGAA-1,1,CMO305,16280
CAACAGTAGTATGAGT-1,1,CMO305,4569
CAACAGTCAGAAACCG-1,1,CMO305,3311
CAACAGTTCAGACCGC-1,1,CMO305,9543
CAACCTCCACTTACAG-1,1,CMO305,3601
CAACCTCCATGGCACC-1,1,CMO305,4390
CAAGACTTCGACTCCT-1,1,CMO305,6177
CAAGACTTCGTCCTCA-1,1,CMO305,6205
CAAGCTAGTGGCTGCT-1,1,CMO305,4487
CAAGGGATCTCGCCTA-1,1,CMO305,6927
CAATCGAAGCCTCACG-1,1,CMO305,4331
CAATCGACAACTGAAA-1,1,CMO305,4869
CAATCGACATTAGGAA-1,1,CMO305,7636
CAATGACCACTGTCGG-1,1,CMO305,3933
CAATGACTCCACATAG-1,1,CMO305,10970
CAATGACTCTTACTGT-1,1,CMO305,4021
CACAACACAGGGAGAG-1,1,CMO305,4056
CACAACAGTCCATCTC-1,1,CMO305,3516
CACACAAGTTGTGTAC-1,1,CMO305,4628
CACCAAATCACTCCGT-1,1,CMO305,5529
CACCGTTCACCACATA-1,1,CMO305,5826
CACGTGGTCAAAGGAT-1,1,CMO305,4002
CACTAAGAGGAGACCT-1,1,CMO305,3524
CACTAAGGTCAGTTTG-1,1,CMO305,3552
CACTTCGAGCCGAATG-1,1,CMO305,3210
CACTTCGTCATGTCAG-1,1,CMO305,4993
CAGAGCCCACGACAGA-1,1,CMO305,5701
CAGAGCCGTTACCTGA-1,1,CMO305,8740
CAGATCACACCCTCTA-1,1,CMO305,5234
CAGATTGTCGGAGTAG-1,1,CMO305,5603
CAGCAATGTTCGAAGG-1,1,CMO305,6213
CAGCACGTCTCACCCA-1,1,CMO305,10186
CAGCAGCCAAGCCATT-1,1,CMO305,5749
CAGCAGCCATGTGGCC-1,1,CMO305,4422
CAGCCAGAGTATGTAG-1,1,CMO305,4002
CAGCCAGTCCGCGAGT-1,1,CMO305,6977
CAGGCCACACTGAATC-1,1,CMO305,5113
CAGGCCAGTCCCTGAG-1,1,CMO305,3993
CAGGCCATCTCCTACG-1,1,CMO305,5093
CAGGGCTTCAAGGAGC-1,1,CMO305,4578
CAGGTATTCACGGGAA-1,1,CMO305,7522
CAGGTATTCGTTCTCG-1,1,CMO305,4745
CAGTGCGAGAGAGTTT-1,1,CMO305,4628
CAGTGCGCAGAGAATT-1,1,CMO305,4112
CAGTTCCCAATCACGT-1,1,CMO305,3988
CATAAGCGTAGACTGG-1,1,CMO305,6635
CATACAGGTACGGATG-1,1,CMO305,3475
CATACCCCACCGTACG-1,1,CMO305,5538
CATACCCGTGTTCCAA-1,1,CMO305,7993
CATACTTCAGGTGAGT-1,1,CMO305,7028
CATACTTCAGTTCTAG-1,1,CMO305,3267
CATACTTTCACGATAC-1,1,CMO305,4477
CATCAAGAGGTTCCGC-1,1,CMO305,4626
CATCCACAGAGCAGTC-1,1,CMO305,4632
CATCCCAGTCATATGC-1,1,CMO305,3623
CATCGCTAGTTGCTGT-1,1,CMO305,7940
CATCGCTCAGCCGGTT-1,1,CMO305,3779
CATCGGGCAACACAAA-1,1,CMO305,4457
CATCGGGTCATGTCAG-1,1,CMO305,5755
CATCGTCAGTTCATCG-1,1,CMO305,5360
CATGAGTAGTTGGGAC-1,1,CMO305,4874
CATGCAAAGGCCATAG-1,1,CMO305,3184
CATGCAATCGCAGAGA-1,1,CMO305,8649
CATGCCTTCCGCCTAT-1,1,CMO305,3834
CATGCGGGTTATAGAG-1,1,CMO305,3408
CATGCGGTCATTTGCT-1,1,CMO305,4405
CATGGTAAGGGAGGCA-1,1,CMO305,3706
CATTCATAGATCCCGC-1,1,CMO305,3256
CATTCATGTCTCGCGA-1,1,CMO305,3226
CATTCCGAGATCGCTT-1,1,CMO305,4402
CATTCCGGTCACTCGG-1,1,CMO305,3371
CATTGAGCAAACGTGG-1,1,CMO305,6631
CATTGAGGTTCTCTAT-1,1,CMO305,4405
CATTGCCAGCAAGTCG-1,1,CMO305,3560
CATTGCCAGCTGGCCT-1,1,CMO305,4913
CATTGTTCAGCTATAC-1,1,CMO305,5700
CATTTCACAAGCTACT-1,1,CMO305,5194
CATTTCATCCCGAAAT-1,1,CMO305,5116
CCAAGCGAGGTCTTTG-1,1,CMO305,8534
CCAATGAGTCATCCCT-1,1,CMO305,7037
CCACAAAAGGTTCTTG-1,1,CMO305,4688
CCACAAAGTCGCTTAA-1,1,CMO305,3481
CCACAAAGTGAGTCAG-1,1,CMO305,8213
CCACAAAGTTATTCCT-1,1,CMO305,7380
CCACAAATCACGATCA-1,1,CMO305,5866
CCACGTTGTAATACCC-1,1,CMO305,5214
CCACTTGTCCATTTAC-1,1,CMO305,13536
CCATAAGAGAAGCTGC-1,1,CMO305,7609
CCATAAGCAACAAGTA-1,1,CMO305,6619
CCCATTGCAATCGCGC-1,1,CMO305,4539
CCCATTGCAGTAACCT-1,1,CMO305,3333
CCCATTGTCGTGAGAG-1,1,CMO305,4445
CCCGAAGGTTAATCGC-1,1,CMO305,4099
CCCGGAAGTCCAGCAC-1,1,CMO305,5466
CCCGGAATCGTAACTG-1,1,CMO305,6621
CCCTAACAGAAACTCA-1,1,CMO305,8236
CCCTAACTCCTACAAG-1,1,CMO305,11913
CCCTCTCGTCGCGTTG-1,1,CMO305,4462
CCCTCTCGTTCACCGG-1,1,CMO305,3188
CCCTGATAGACCACGA-1,1,CMO305,4725
CCCTGATCACAGGATG-1,1,CMO305,3245
CCCTTAGAGGAATCGC-1,1,CMO305,5178
CCGAACGAGAACTCCT-1,1,CMO305,7503
CCGAACGGTAGAGGAA-1,1,CMO305,10526
CCGAACGGTCTTCCGT-1,1,CMO305,4931
CCGATGGGTTCATCTT-1,1,CMO305,4019
CCGATGGTCGGATTAC-1,1,CMO305,5970
CCGGACAAGCCTCTTC-1,1,CMO305,3461
CCGGACACAGCAGTCC-1,1,CMO305,7369
CCGGACAGTCAACCTA-1,1,CMO305,5172
CCGGTGACACACGGTC-1,1,CMO305,6546
CCGGTGAGTTTACTTC-1,1,CMO305,4965
CCTAACCTCACGGTCG-1,1,CMO305,5075
CCTAAGAAGCATTGTC-1,1,CMO305,5472
CCTAAGACATCCTCAC-1,1,CMO305,4625
CCTACGTAGAATCCCT-1,1,CMO305,4875
CCTATCGAGCTCCATA-1,1,CMO305,4545
CCTATCGAGTTCCATG-1,1,CMO305,4030
CCTCAACAGCCGCTTG-1,1,CMO305,3519
CCTCAACAGTGCACCC-1,1,CMO305,3613
CCTCAACTCAAAGAAC-1,1,CMO305,7639
CCTCACATCCTTCTGG-1,1,CMO305,4425
CCTCACATCTTGGAAC-1,1,CMO305,4168
CCTCCAACAAAGTGTA-1,1,CMO305,5946
CCTCCAATCCTCTAGC-1,1,CMO305,5459
CCTCCAATCGAGATGG-1,1,CMO305,3990
CCTCCTCTCGATACAC-1,1,CMO305,3210
CCTCTAGGTCGTACTA-1,1,CMO305,5705
CCTGTTGCACGGCACT-1,1,CMO305,5229
CCTGTTGTCGCTATTT-1,1,CMO305,3480
CCTTGTGAGCGACTAG-1,1,CMO305,3698
CCTTGTGTCAACGCTA-1,1,CMO305,3246
CCTTTGGGTGAGCCAA-1,1,CMO305,5038
CGAGGAATCTGTACAG-1,1,CMO305,3962
CGAGGCTTCTTACCAT-1,1,CMO305,4461
CGAGTGCTCCTTGAAG-1,1,CMO305,4317
CGGGTGTGTTTCAGAC-1,1,CMO305,3961
CTAACTTAGTAAGAGG-1,1,CMO305,4901
CTAAGTGCACCACTGG-1,1,CMO305,5024
CTACAGAGTAACACCT-1,1,CMO305,9923
CTAGACACATCCTGTC-1,1,CMO305,4075
CTAGGTAGTGCCGAAA-1,1,CMO305,8533
CTAGGTAGTTAGCGGA-1,1,CMO305,5627
CTATCCGCATTGAAGA-1,1,CMO305,3181
CTATCCGTCCTGGGAC-1,1,CMO305,5685
CTCCAACCACTCCTGT-1,1,CMO305,3529
CTCCACAGTACAGTAA-1,1,CMO305,3923
CTCCATGTCTATCGCC-1,1,CMO305,3401
CTCCGATCACATCATG-1,1,CMO305,3212
CTCCTCCGTAAGATTG-1,1,CMO305,3576
CTCGAGGTCCCATTCG-1,1,CMO305,3834
CTGAATGGTAGAATGT-1,1,CMO305,3883
CTGAGCGAGCACTCGC-1,1,CMO305,4985
CTGAGCGAGCGTATAA-1,1,CMO305,3671
CTGATCCTCTTGCAGA-1,1,CMO305,5596
CTGCAGGCAAGAAATC-1,1,CMO305,6086
CTGCATCAGCATTGAA-1,1,CMO305,6618
CTGCCTAAGGTCATAA-1,1,CMO305,3314
CTGGCAGAGGCATGCA-1,1,CMO305,10025
CTGTATTAGTTACGGG-1,1,CMO305,5041
CTGTCGTCAAGAGTAT-1,1,CMO305,6484
CTGTCGTTCATCCTGC-1,1,CMO305,4085
CTTCAATAGTGGCAGT-1,1,CMO305,3744
CTTGAGAAGCAGGCTA-1,1,CMO305,3278
CTTGAGATCCGTCAAA-1,1,CMO305,4087
CTTGATTTCACATCAG-1,1,CMO305,4449
GAAACCTGTTAAGTCC-1,1,CMO305,4463
GAAACCTTCATTTGTC-1,1,CMO305,3960
GAAATGACATCCCACT-1,1,CMO305,3920
GAACACTGTTTCAGAC-1,1,CMO305,4891
GAACACTTCCGAGGCT-1,1,CMO305,9007
GAACACTTCTACTTCA-1,1,CMO305,6226
GAACACTTCTATTGTC-1,1,CMO305,13510
GAACGTTCAGTTGTTG-1,1,CMO305,19873
GAACGTTGTATCTCTT-1,1,CMO305,15736
GAACGTTGTGCGACAA-1,1,CMO305,11456
GAACTGTAGGCATCTT-1,1,CMO305,12856
GAACTGTAGGGTACAC-1,1,CMO305,3837
GAACTGTAGTCAGGGT-1,1,CMO305,8210
GAAGAATTCCAACCAA-1,1,CMO305,4095
GAAGCCCGTCGGTGAA-1,1,CMO305,23249
GAAGGACTCTTCTTCC-1,1,CMO305,7419
GAAGGGTAGAAACTCA-1,1,CMO305,11461
GAAGGGTAGGAGTACC-1,1,CMO305,16714
GAAGGGTAGGCATCAG-1,1,CMO305,13019
GAAGTAACATGCAGGA-1,1,CMO305,16150
GAAGTAATCACTACTT-1,1,CMO305,14060
GAATAGATCGCTTGCT-1,1,CMO305,7188
GAATCACCAATACGAA-1,1,CMO305,9925
GAATCACCACCAAAGG-1,1,CMO305,5453
GAATCACTCAAGCTTG-1,1,CMO305,4923
GAATCACTCACTTGGA-1,1,CMO305,3648
GAATCACTCGGCGATC-1,1,CMO305,7131
GAATCGTCACAGCTGC-1,1,CMO305,3745
GACAGCCCATGACAGG-1,1,CMO305,21027
GACAGCCTCAGGCGAA-1,1,CMO305,21100
GACATCAGTGTTCCTC-1,1,CMO305,7481
GACATCATCATGCTAG-1,1,CMO305,3459
GACCAATCAGTCAACT-1,1,CMO305,18367
GACCAATGTCCTTGTC-1,1,CMO305,3283
GACCAATGTCGCGGTT-1,1,CMO305,6652
GACCCTTCACTGCGTG-1,1,CMO305,11389
GACCCTTTCATAGCAC-1,1,CMO305,9212
GACCGTGGTAATGCTC-1,1,CMO305,6432
GACCGTGTCTGGGATT-1,1,CMO305,9755
GACCTTCGTACGAGTG-1,1,CMO305,4815
GACCTTCGTGCGAGTA-1,1,CMO305,13556
GACGCTGGTGTCATCA-1,1,CMO305,4116
GACTATGGTGTTGCCG-1,1,CMO305,15014
GACTCAATCGCTACGG-1,1,CMO305,8866
GACTCTCCACGGGCTT-1,1,CMO305,9742
GACTTCCCAGAACCGA-1,1,CMO305,10650
GACTTCCGTCCCGGTA-1,1,CMO305,10977
GACTTCCGTGCCGTAC-1,1,CMO305,4410
GAGAAATCAGTTTGGT-1,1,CMO305,19226
GAGACTTCAACCCTCT-1,1,CMO305,10502
GAGACTTGTTTGACAC-1,1,CMO305,3631
GAGACTTTCATGCTAG-1,1,CMO305,8183
GAGACTTTCCATTGCC-1,1,CMO305,10549
GAGAGGTAGTTAGAAC-1,1,CMO305,9475
GAGAGGTTCACAACCA-1,1,CMO305,14613
GAGAGGTTCGGTGAAG-1,1,CMO305,17315
GAGATGGAGCCTCCAG-1,1,CMO305,8123
GAGATGGCACGGTGAA-1,1,CMO305,3480
GAGATGGCAGAACTCT-1,1,CMO305,19317
GAGCCTGAGATGCCGA-1,1,CMO305,17132
GAGCCTGTCAGTCACA-1,1,CMO305,13165
GAGCCTGTCGCTCCTA-1,1,CMO305,8934
GAGCTGCTCGGCTGGT-1,1,CMO305,5136
GAGGCAAAGCGCTTCG-1,1,CMO305,13157
GAGGCAATCAAACCTG-1,1,CMO305,6948
GAGGCAATCATGGAGG-1,1,CMO305,24473
GAGGCCTTCTGTTCAT-1,1,CMO305,3945
GAGGGTAAGAGTATAC-1,1,CMO305,12951
GAGGGTAAGCAAATCA-1,1,CMO305,10372
GAGTCATTCCAGCACG-1,1,CMO305,12464
GAGTCATTCCGAACGC-1,1,CMO305,5322
GAGTCTAGTATCAGCT-1,1,CMO305,6495
GAGTGAGTCACCATAG-1,1,CMO305,6427
GAGTGAGTCCGATAAC-1,1,CMO305,10558
GAGTGTTAGCTATCTG-1,1,CMO305,19862
GAGTGTTTCACCCATC-1,1,CMO305,12979
GAGTTACAGTACAACA-1,1,CMO305,7388
GAGTTACCATGCAGCC-1,1,CMO305,9563
GAGTTACGTAACCCGC-1,1,CMO305,4885
GAGTTACGTACCGGAA-1,1,CMO305,23806
GAGTTACTCCGATAAC-1,1,CMO305,13333
GAGTTGTGTAGATCGG-1,1,CMO305,16717
GAGTTGTGTCACAATC-1,1,CMO305,16986
GAGTTTGTCACTTTGT-1,1,CMO305,9647
GAGTTTGTCCGATCGG-1,1,CMO305,17205
GATAGAACAAGATCCT-1,1,CMO305,11220
GATAGCTGTAACACGG-1,1,CMO305,5708
GATCACAGTCTCTCCA-1,1,CMO305,5482
GATCAGTAGAAACACT-1,1,CMO305,11058
GATCAGTGTCCAGCGT-1,1,CMO305,7000
GATCAGTGTTCTTGTT-1,1,CMO305,9320
GATCATGGTTCCCAAA-1,1,CMO305,10315
GATCCCTGTCAAGCCC-1,1,CMO305,12700
GATCCCTGTGATTGGG-1,1,CMO305,7072
GATCCCTGTTGTAAAG-1,1,CMO305,6071
GATCCCTTCACATCAG-1,1,CMO305,31146
GATCCCTTCCATAGGT-1,1,CMO305,4972
GATCGTACACCCAAGC-1,1,CMO305,22639
GATCGTAGTTCGTAAC-1,1,CMO305,6958
GATGACTAGGGACTGT-1,1,CMO305,8895
GATGACTGTGATGGCA-1,1,CMO305,7102
GATGACTTCCTCTAGC-1,1,CMO305,7182
GATGATCTCAAGTTGC-1,1,CMO305,10887
GATGCTAGTATGGAGC-1,1,CMO305,19954
GATGCTATCCAATCCC-1,1,CMO305,9011
GATGGAGAGATACTGA-1,1,CMO305,7844
GATGGAGGTCTCCTGT-1,1,CMO305,18474
GATGTTGCAAACACGG-1,1,CMO305,22605
GATGTTGTCCGATCGG-1,1,CMO305,43511
GATTCGAAGCGCGTTC-1,1,CMO305,10263
GATTCGAAGTGCAGGT-1,1,CMO305,20847
GATTCTTGTGCCTATA-1,1,CMO305,8137
GATTGGTAGCTCTTCC-1,1,CMO305,9861
GATTGGTCAGACCATT-1,1,CMO305,10856
GATTTCTCAGAGTTCT-1,1,CMO305,6269
GCAACATCAAGCGCAA-1,1,CMO305,6238
GCAACCGCAGCAATTC-1,1,CMO305,13498
GCAACCGTCGCCTAGG-1,1,CMO305,11601
GCACATACACCGTGGT-1,1,CMO305,21064
GCACGGTCAGAGCTAG-1,1,CMO305,4772
GCACGGTTCCGTGGGT-1,1,CMO305,17535
GCACGTGCACTAGGCC-1,1,CMO305,11909
GCACTAAAGGTGCGAT-1,1,CMO305,8751
GCAGCCATCTTGCGCT-1,1,CMO305,5523
GCAGCTGCACATAGCT-1,1,CMO305,6461
GCAGCTGTCTTCCTAA-1,1,CMO305,8199
GCAGTTAGTATTCCGA-1,1,CMO305,14950
GCATCGGGTGCGAGTA-1,1,CMO305,15728
GCATCGGTCTCTGGTC-1,1,CMO305,10043
GCATCTCGTAGCTTTG-1,1,CMO305,12521
GCATCTCTCAAGTCTG-1,1,CMO305,4108
GCATGATGTACTGTTG-1,1,CMO305,13913
GCATTAGGTGTCCACG-1,1,CMO305,12037
GCCAACGGTGACAACG-1,1,CMO305,9868
GCCAGCACATCGCTCT-1,1,CMO305,5285
GCCAGGTCATTAAAGG-1,1,CMO305,8047
GCCATGGTCCTTGACC-1,1,CMO305,5270
GCCCAGACACCGGAAA-1,1,CMO305,16045
GCCCAGATCGCTGACG-1,1,CMO305,14506
GCCCAGATCTCATGCC-1,1,CMO305,14017
GCCCGAAAGTAGCCAG-1,1,CMO305,14341
GCCGATGCACCTCTGT-1,1,CMO305,23977
GCCGATGTCGGCTTGG-1,1,CMO305,9669
GCCGTGAAGTACAGCG-1,1,CMO305,3777
GCCGTGACACCTGCAG-1,1,CMO305,11028
GCCGTGAGTATATGGA-1,1,CMO305,13579
GCCGTGATCAATCCGA-1,1,CMO305,16829
GCCTGTTAGGGTCTTT-1,1,CMO305,15317
GCCTGTTTCGGTAGAG-1,1,CMO305,28658
GCGAGAACACTATCGA-1,1,CMO305,7319
GCGAGAAGTAGTGATA-1,1,CMO305,11499
GCGAGAAGTTATTCCT-1,1,CMO305,6298
GCGGAAAAGAAACTGT-1,1,CMO305,6106
GCGGAAATCAACACGT-1,1,CMO305,9835
GCGGATCCAAGCAATA-1,1,CMO305,13340
GCGTGCACACTGGACC-1,1,CMO305,6890
GCGTGCAGTTCGGGTC-1,1,CMO305,7217
GCGTGCATCCGTCCTA-1,1,CMO305,15694
GCGTGCATCTCAGGCG-1,1,CMO305,10457
GCGTTTCCAAGAATGT-1,1,CMO305,4323
GCGTTTCCAATTGCAC-1,1,CMO305,5757
GCTACAAAGACCTGGA-1,1,CMO305,8226
GCTACAAAGTAGCCAG-1,1,CMO305,7261
GCTACCTGTATACCCA-1,1,CMO305,3252
GCTGGGTGTGAGATTA-1,1,CMO305,9949
GCTGGGTTCTACACTT-1,1,CMO305,7655
GCTTTCGCATCGTCCT-1,1,CMO305,5203
GGAACCCAGTAGTCTC-1,1,CMO305,4231
GGAACCCGTGGCTGCT-1,1,CMO305,16095
GGAACCCTCAACTTTC-1,1,CMO305,5096
GGAATCTGTGGAAATT-1,1,CMO305,20120
GGAATGGAGACATGCG-1,1,CMO305,8053
GGACGTCTCAGATTGC-1,1,CMO305,11785
GGAGAACTCGATGCAT-1,1,CMO305,8780
GGAGATGTCATTTGCT-1,1,CMO305,7611
GGAGCAAAGAGTACCG-1,1,CMO305,13259
GGAGGTATCCCATTTA-1,1,CMO305,17219
GGATCTAAGTGGCCTC-1,1,CMO305,6906
GGATCTACACCTGCTT-1,1,CMO305,13056
GGATCTAGTAACGGTG-1,1,CMO305,5857
GGATCTATCGAGAAGC-1,1,CMO305,11314
GGATGTTGTGGGAGAG-1,1,CMO305,6107
GGATGTTGTGGGTCAA-1,1,CMO305,28314
GGCACGTCAACAGATA-1,1,CMO305,5308
GGCAGTCAGCAGTACG-1,1,CMO305,9598
GGCAGTCGTACGACAG-1,1,CMO305,4660
GGCAGTCGTGTGTCGC-1,1,CMO305,14309
GGCAGTCTCAGCTAGT-1,1,CMO305,25664
GGCAGTCTCGAGCTGC-1,1,CMO305,17881
GGCTGTGCACAGTGTT-1,1,CMO305,8639
GGCTGTGTCAGCGGAA-1,1,CMO305,3802
GGCTGTGTCTAGTCAG-1,1,CMO305,11450
GGCTGTGTCTTTGCGC-1,1,CMO305,4251
GGCTTGGGTCGACGCT-1,1,CMO305,10165
GGCTTGGGTGCCGTAC-1,1,CMO305,9883
GGCTTTCTCCGTAGGC-1,1,CMO305,8818
GGGAAGTCACAGCATT-1,1,CMO305,10553
GGGAAGTGTTTCCCAC-1,1,CMO305,3741
GGGAAGTTCGGACGTC-1,1,CMO305,19592
GGGACCTAGATTGACA-1,1,CMO305,12657
GGGACCTTCATCACAG-1,1,CMO305,9671
GGGACCTTCCGGCAGT-1,1,CMO305,7834
GGGAGATCATGCTGCG-1,1,CMO305,24547
GGGAGATTCATAGAGA-1,1,CMO305,12682
GGGAGATTCCTTGACC-1,1,CMO305,16127
GGGAGTAAGCTAGATA-1,1,CMO305,8637
GGGAGTACAGAAATTG-1,1,CMO305,22529
GGGATCCAGATACTGA-1,1,CMO305,5957
GGGATCCGTACAGAAT-1,1,CMO305,10241
GGGATGAGTCTGTTAG-1,1,CMO305,4674
GGGATGAGTGGAATGC-1,1,CMO305,22921
GGGATGAGTGGCTCTG-1,1,CMO305,8676
GGGATGATCGGATAAA-1,1,CMO305,21897
GGGCCATGTTAGGCTT-1,1,CMO305,3797
GGGCGTTCACCAGACC-1,1,CMO305,20657
GGGCGTTTCCATCGTC-1,1,CMO305,11209
GGGCTACCAAAGCAAT-1,1,CMO305,12674
GGGCTACGTCATCACA-1,1,CMO305,14752
GGGCTCATCGGCATCG-1,1,CMO305,8811
GGGTAGAGTGGACTGA-1,1,CMO305,4386
GGGTATTAGAAACTCA-1,1,CMO305,16642
GGGTATTCATCCTGTC-1,1,CMO305,5665
GGGTCACTCGTGTTCC-1,1,CMO305,3360
GGGTCTGAGAATCTAG-1,1,CMO305,7602
GGGTCTGTCTCCAATT-1,1,CMO305,16311
GGGTGAAAGCATAGGC-1,1,CMO305,7593
GGGTGAAGTCCTATAG-1,1,CMO305,5651
GGGTGAAGTTCTCTCG-1,1,CMO305,14608
GGGTGAAGTTTGACAC-1,1,CMO305,11367
GGGTGTCAGCTGGAGT-1,1,CMO305,20770
GGGTGTCAGGAGTACC-1,1,CMO305,9235
GGGTGTCCACTGCTTC-1,1,CMO305,10820
GGGTTTAGTCCAACGC-1,1,CMO305,8181
GGTAACTTCCATTGCC-1,1,CMO305,12997
GGTAATCTCGCACTCT-1,1,CMO305,8776
GGTAGAGCAGATACTC-1,1,CMO305,9339
GGTAGAGTCCGAACGC-1,1,CMO305,4047
GGTCTGGCAATAACCC-1,1,CMO305,39207
GGTCTGGGTGTGGTCC-1,1,CMO305,14009
GGTCTGGGTTCTTGCC-1,1,CMO305,4457
GGTGAAGGTTGCGGCT-1,1,CMO305,14112
GGTGATTGTCGCTTAA-1,1,CMO305,9598
GGTGGCTAGACTCCGC-1,1,CMO305,6611
GGTGGCTTCACTTTGT-1,1,CMO305,12082
GGTGTTAGTATGCAAA-1,1,CMO305,7128
GGTTAACGTCTTGAGT-1,1,CMO305,17489
GGTTAACGTGTTAAAG-1,1,CMO305,5946
GGTTCTCCACAGAGCA-1,1,CMO305,8833
GGTTCTCTCCTCTTTC-1,1,CMO305,11204
GGTTGTACAAGGCGTA-1,1,CMO305,8989
GGTTGTAGTAACATCC-1,1,CMO305,8960
GTAACCAGTAGTTCCA-1,1,CMO305,16891
GTAACCAGTCCTGAAT-1,1,CMO305,7507
GTAACCAGTTGCTCCT-1,1,CMO305,18612
GTAAGTCAGCAACAGC-1,1,CMO305,11103
GTAAGTCCACGCAAAG-1,1,CMO305,20002
GTAAGTCTCGCTAGCG-1,1,CMO305,11725
GTAAGTCTCTAGTGTG-1,1,CMO305,11526
GTAATCGTCCTGATAG-1,1,CMO305,13531
GTACAGTCACAGCATT-1,1,CMO305,20107
GTACAGTTCGAGTACT-1,1,CMO305,11814
GTAGAAACAGGCATGA-1,1,CMO305,3935
GTAGAGGAGAAAGCGA-1,1,CMO305,5237
GTAGAGGTCACTCTTA-1,1,CMO305,32666
GTAGATCCAGATACCT-1,1,CMO305,8847
GTAGATCTCCGCAGTG-1,1,CMO305,7417
GTAGGAGAGGGTCAAC-1,1,CMO305,5718
GTAGGAGAGTCGAAAT-1,1,CMO305,5637
GTAGGAGCACTCCGAG-1,1,CMO305,5790
GTAGGAGTCATTGCTT-1,1,CMO305,4774
GTAGGTTTCGAATGCT-1,1,CMO305,13272
GTATTGGAGAGTTGTA-1,1,CMO305,9752
GTCAAACGTATCGTGT-1,1,CMO305,37195
GTCAAACTCGAGCACC-1,1,CMO305,10230
GTCACGGAGACTTAAG-1,1,CMO305,10686
GTCACGGAGTCTAACC-1,1,CMO305,10097
GTCACTCAGACGATAT-1,1,CMO305,9090
GTCACTCAGAGATCGC-1,1,CMO305,10612
GTCACTCAGAGGGTGG-1,1,CMO305,11218
GTCACTCCACAGCCAC-1,1,CMO305,12517
GTCACTCGTCTGATCA-1,1,CMO305,7726
GTCAGCGGTCGACGCT-1,1,CMO305,3886
GTCAGCGGTGGAACCA-1,1,CMO305,11838
GTCAGCGTCCCGAACG-1,1,CMO305,9119
GTCATGAAGGTAAGTT-1,1,CMO305,4820
GTCATGAGTAGTATAG-1,1,CMO305,4320
GTCATGATCTAAACGC-1,1,CMO305,12426
GTCATGATCTCTGCTG-1,1,CMO305,3833
GTCATTTAGCCGATTT-1,1,CMO305,10435
GTCATTTCATGGAACG-1,1,CMO305,4483
GTCCTCAAGAGAGCCT-1,1,CMO305,11805
GTCCTCAAGATGGCAC-1,1,CMO305,4591
GTCCTCACAAAGTATG-1,1,CMO305,3801
GTCCTCACACCCTGTT-1,1,CMO305,12454
GTCGAATAGATTAGTG-1,1,CMO305,3167
GTCGAATCAAGTTGGG-1,1,CMO305,15884
GTCGCGATCAGCCTCT-1,1,CMO305,5940
GTCGTTCGTTCCGGTG-1,1,CMO305,7368
GTCGTTCTCACCGGGT-1,1,CMO305,9976
GTCTACCGTGCTTATG-1,1,CMO305,8270
GTCTCACAGAGCCTGA-1,1,CMO305,8978
GTCTGTCGTAACGATA-1,1,CMO305,17304
GTCTGTCTCTCTCTTC-1,1,CMO305,4569
GTCTTTACACTGTCGG-1,1,CMO305,4718
GTCTTTAGTAACGCGA-1,1,CMO305,16561
GTGACGCTCAGCTGTA-1,1,CMO305,9162
GTGAGGATCCAACCAA-1,1,CMO305,14465
GTGAGGATCCAAGGGA-1,1,CMO305,59425
GTGAGTTAGTTGAATG-1,1,CMO305,3423
GTGAGTTCATGACGAG-1,1,CMO305,14432
GTGATGTGTAGTAAGT-1,1,CMO305,4408
GTGCACGAGTAGGGTC-1,1,CMO305,20262
GTGCACGCAGACACAG-1,1,CMO305,16970
GTGCACGTCTCATTAC-1,1,CMO305,16512
GTGCAGCGTCTCACGG-1,1,CMO305,6728
GTGCAGCGTGATACTC-1,1,CMO305,16238
GTGCGTGTCGTAACAC-1,1,CMO305,5677
GTGCTGGCAAGAGCTG-1,1,CMO305,8821
GTGCTGGCACATCCCT-1,1,CMO305,9742
GTGCTGGGTTATTCTC-1,1,CMO305,9398
GTGCTGGTCCAGCCTT-1,1,CMO305,10713
GTGCTTCAGATTGGGC-1,1,CMO305,4116
GTGCTTCGTACGATCT-1,1,CMO305,4084
GTGGAAGGTAGGTAGC-1,1,CMO305,7461
GTGGAAGGTCCGTTTC-1,1,CMO305,26588
GTGGAGAAGCTTTGTG-1,1,CMO305,7916
GTGGAGACACCCTTGT-1,1,CMO305,13931
GTGGCGTCATCCGCGA-1,1,CMO305,15527
GTGGCGTGTGTCGCTG-1,1,CMO305,10957
GTGGTTACAATTTCTC-1,1,CMO305,12083
GTGGTTAGTGGCCTCA-1,1,CMO305,3161
GTGTAACCAGGTGTTT-1,1,CMO305,14625
GTGTAACGTACGTGTT-1,1,CMO305,13695
GTGTAACGTCGGCTAC-1,1,CMO305,10842
GTGTGATCAAGGAGTC-1,1,CMO305,15841
GTGTGATTCACCGGGT-1,1,CMO305,8776
GTGTGGCGTTAGAAAC-1,1,CMO305,20165
GTGTGGCTCTGCAGCG-1,1,CMO305,6985
GTGTTAGTCCAGCAAT-1,1,CMO305,11397
GTGTTCCCAGGAAGTC-1,1,CMO305,5769
GTGTTCCTCCCATTCG-1,1,CMO305,8621
GTTACAGAGATTGTGA-1,1,CMO305,10098
GTTACAGAGATTTGCC-1,1,CMO305,9650
GTTACAGCAATTTCCT-1,1,CMO305,10926
GTTACCCAGCTAGAGC-1,1,CMO305,8541
GTTACCCAGCTGAGTG-1,1,CMO305,5558
GTTACCCGTGTTGACT-1,1,CMO305,5360
GTTACGAAGCCGTTAT-1,1,CMO305,16772
GTTAGACAGCACGATG-1,1,CMO305,14385
GTTAGTGAGTCTTCCC-1,1,CMO305,8984
GTTATGGAGAACCCGA-1,1,CMO305,11165
GTTATGGAGATGAATC-1,1,CMO305,4518
GTTCATTTCACCTGTC-1,1,CMO305,4452
GTTCCGTAGGAGGGTG-1,1,CMO305,9492
GTTCCGTCACAAGCTT-1,1,CMO305,12742
GTTCCGTGTGATAGAT-1,1,CMO305,12037
GTTCCGTGTGATTAGA-1,1,CMO305,14319
GTTCTATAGCACCGTC-1,1,CMO305,3788
GTTCTATCAGCTGTCG-1,1,CMO305,6941
GTTCTATCATCAGTCA-1,1,CMO305,4879
GTTGCGGGTAGCGCTC-1,1,CMO305,10335
GTTGCTCCAGTCAACT-1,1,CMO305,7072
GTTGTAGAGGGAGGGT-1,1,CMO305,33101
GTTGTAGGTCATATGC-1,1,CMO305,6533
GTTGTCCAGCTCGCAC-1,1,CMO305,11469
GTTGTGATCTAGTACG-1,1,CMO305,11278
GTTGTGATCTTCGGAA-1,1,CMO305,4643
GTTTACTCACTTCCTG-1,1,CMO305,28604
GTTTACTGTAGTAAGT-1,1,CMO305,10675
GTTTGGACATCGATAC-1,1,CMO305,11565
GTTTGGAGTATGAAAC-1,1,CMO305,17139
GTTTGGAGTGGCAGAT-1,1,CMO305,10378
TAACACGTCACTTGGA-1,1,CMO305,20213
TAACCAGCAAGCTACT-1,1,CMO305,16672
TAACCAGTCTACTGAG-1,1,CMO305,8275
TAACGACCAACGGCTC-1,1,CMO305,6581
TAACGACTCGCCACTT-1,1,CMO305,14412
TAACTTCGTGGTTCTA-1,1,CMO305,8284
TAAGCACCATGAGTAA-1,1,CMO305,18785
TAAGCACGTTTGACAC-1,1,CMO305,24087
TAAGCACTCTGAGGTT-1,1,CMO305,9218
TAAGCCACACCGGTCA-1,1,CMO305,7703
TAAGCCAGTCCAGAAG-1,1,CMO305,18052
TAAGCCAGTCGTTTCC-1,1,CMO305,8840
TAAGCCATCTATCGGA-1,1,CMO305,3883
TAAGCGTAGGATTTCC-1,1,CMO305,17680
TAAGCGTCACGCGCTA-1,1,CMO305,16401
TAAGCGTTCTGAATCG-1,1,CMO305,8856
TAATCTCAGGTGCCTC-1,1,CMO305,3722
TAATCTCGTCGCCTAG-1,1,CMO305,14122
TAATCTCTCATGACAC-1,1,CMO305,8399
TAATTCCGTACAGTAA-1,1,CMO305,17804
TAATTCCGTAGTCCTA-1,1,CMO305,16506
TAATTCCTCTGGGCCA-1,1,CMO305,3682
TACAACGAGGACATCG-1,1,CMO305,5176
TACAACGAGTAAGACT-1,1,CMO305,29870
TACAACGCACCGGAAA-1,1,CMO305,11322
TACAGGTGTACCGTGC-1,1,CMO305,12121
TACAGGTTCGTGAGAG-1,1,CMO305,12116
TACATTCCATAGTCGT-1,1,CMO305,14357
TACATTCTCAGCGTCG-1,1,CMO305,13419
TACCCACGTCGAGCAA-1,1,CMO305,29892
TACCGAATCTCCTGTG-1,1,CMO305,22322
TACCGGGTCGCTGTTC-1,1,CMO305,12979
TACCTGCCAAACTAGA-1,1,CMO305,7507
TACGCTCGTTACGCCG-1,1,CMO305,7034
TACGGTACATCAGCAT-1,1,CMO305,10570
TACGGTATCTAGAACC-1,1,CMO305,4480
TACGGTATCTTGCAAG-1,1,CMO305,13708
TACGTCCAGAAACCAT-1,1,CMO305,9878
TACGTCCCAGACGGAT-1,1,CMO305,8734
TACGTCCTCGTGTGGC-1,1,CMO305,15663
TACTGCCCAGGTAGTG-1,1,CMO305,22629
TACTGCCGTTCAGCGC-1,1,CMO305,6602
TACTGCCTCACTCTTA-1,1,CMO305,5188
TACTTACCAAACGTGG-1,1,CMO305,7730
TACTTACCACTACACA-1,1,CMO305,12075
TACTTACTCTCATTGT-1,1,CMO305,4209
TACTTCACAGCATCTA-1,1,CMO305,14280
TACTTCATCATCACAG-1,1,CMO305,13196
TACTTGTGTGTCTTGA-1,1,CMO305,16904
TAGACCAGTTACACTG-1,1,CMO305,12699
TAGACTGAGCCTGTCG-1,1,CMO305,10605
TAGACTGCAAATGCTC-1,1,CMO305,3855
TAGACTGCAAGCGAAC-1,1,CMO305,8677
TAGACTGGTTAGTTCG-1,1,CMO305,15695
TAGACTGGTTTCCAAG-1,1,CMO305,10806
TAGATCGCACACACTA-1,1,CMO305,10312
TAGATCGCATAGGTAA-1,1,CMO305,20938
TAGCACAAGCCGTTGC-1,1,CMO305,16862
TAGCACATCGGTCAGC-1,1,CMO305,9235
TAGCACATCTTTGCAT-1,1,CMO305,6479
TAGGAGGTCAGTCAGT-1,1,CMO305,12961
TAGGGTTAGATAGTCA-1,1,CMO305,7940
TAGGGTTGTGAACTAA-1,1,CMO305,8949
TAGGGTTTCGCAACAT-1,1,CMO305,16534
TAGGTACAGTTCTCTT-1,1,CMO305,5358
TAGGTACTCATAGACC-1,1,CMO305,11347
TAGGTTGAGCCAGTAG-1,1,CMO305,17008
TAGGTTGCATCGTTCC-1,1,CMO305,10266
TAGGTTGGTGCCCTTT-1,1,CMO305,9329
TAGTGCAAGAAGTCCG-1,1,CMO305,16544
TAGTGCAGTTGGTACT-1,1,CMO305,4099
TATACCTGTGGCTACC-1,1,CMO305,5357
TATCAGGAGACAACAT-1,1,CMO305,4081
TATCAGGAGCCAAGTG-1,1,CMO305,13701
TATCAGGGTCTACTGA-1,1,CMO305,14198
TATCAGGTCCGTAATG-1,1,CMO305,23980
TATCAGGTCGTCCATC-1,1,CMO305,16520
TATCCTAAGCAAGTCG-1,1,CMO305,9099
TATCGCCGTTTGTGGT-1,1,CMO305,7337
TATCTGTCATGAGATA-1,1,CMO305,14071
TATCTTGCACAAGCAG-1,1,CMO305,3867
TATGTTCCATAAGCAA-1,1,CMO305,13411
TATGTTCTCCGGCAGT-1,1,CMO305,23274
TATTGCTAGAATTGCA-1,1,CMO305,11888
TATTGCTAGCGGTATG-1,1,CMO305,11745
TATTGCTAGTTAACAG-1,1,CMO305,5612
TATTGGGCATGTACGT-1,1,CMO305,15922
TATTGGGTCCAGTTCC-1,1,CMO305,20691
TCAAGACAGGAGGGTG-1,1,CMO305,11253
TCAAGACCAAGAGATT-1,1,CMO305,18833
TCAAGACGTTCCATTT-1,1,CMO305,6951
TCAAGCAAGACTCTTG-1,1,CMO305,3234
TCAAGCACAGCTGTGC-1,1,CMO305,16606
TCAAGCAGTACCAGAG-1,1,CMO305,16818
TCAATTCAGCTAATGA-1,1,CMO305,4838
TCAATTCCACCAGCCA-1,1,CMO305,23032
TCACACCCAGCAAGAC-1,1,CMO305,4288
TCACGCTAGCCTAGGA-1,1,CMO305,3221
TCACTATAGTACAGCG-1,1,CMO305,5215
TCAGCAACATGTAACC-1,1,CMO305,15975
TCAGCAAGTTAAACAG-1,1,CMO305,5154
TCAGCAAGTTTCGACA-1,1,CMO305,11310
TCAGCCTCAACATACC-1,1,CMO305,17796
TCAGCCTCACTATCGA-1,1,CMO305,11602
TCAGGTAGTACTTCCC-1,1,CMO305,11259
TCAGGTATCCGCCTAT-1,1,CMO305,4778
TCAGGTATCCTCCACA-1,1,CMO305,3547
TCAGTCCAGTAAAGCT-1,1,CMO305,4641
TCAGTCCGTCCGTTTC-1,1,CMO305,18756
TCAGTCCTCAGGAGAC-1,1,CMO305,12942
TCAGTGAGTGCATTTG-1,1,CMO305,4830
TCAGTTTAGATACATG-1,1,CMO305,6421
TCATACTCAAGTCGTT-1,1,CMO305,5632
TCATACTCACACACGC-1,1,CMO305,3596
TCATACTGTATACGGG-1,1,CMO305,11907
TCATATCTCAAGTGTC-1,1,CMO305,25489
TCATATCTCCAACCAA-1,1,CMO305,6929
TCATCATTCGGTTAGT-1,1,CMO305,13228
TCATCCGAGAGAGCGG-1,1,CMO305,10755
TCATGAGCACGATTCA-1,1,CMO305,15704
TCATGAGCAGAAGTGC-1,1,CMO305,4537
TCATGAGGTGCTGATT-1,1,CMO305,7826
TCATGCCCAAGGAGTC-1,1,CMO305,35210
TCATGCCCATACCAGT-1,1,CMO305,23662
TCATGCCGTGCTAGCC-1,1,CMO305,3489
TCATGCCTCGCTAGCG-1,1,CMO305,12377
TCATGGACAATTTCGG-1,1,CMO305,12184
TCATGTTCACCAGCGT-1,1,CMO305,8227
TCATGTTTCCACCTGT-1,1,CMO305,9293
TCATGTTTCCGTCACT-1,1,CMO305,3949
TCATTACTCCCTATTA-1,1,CMO305,7455
TCATTCAGTCCATACA-1,1,CMO305,8966
TCATTCAGTGTTACAC-1,1,CMO305,13183
TCATTCAGTTGTAAAG-1,1,CMO305,10706
TCATTGTAGCCTAACT-1,1,CMO305,8898
TCATTGTAGTAAACGT-1,1,CMO305,5071
TCATTGTCAACTGATC-1,1,CMO305,14050
TCATTGTGTAACTAAG-1,1,CMO305,13409
TCATTGTGTATGAAGT-1,1,CMO305,6579
TCATTGTTCTCCTACG-1,1,CMO305,4280
TCATTTGCAACCGCCA-1,1,CMO305,7862
TCATTTGTCCATACTT-1,1,CMO305,14738
TCCACCATCGCTATTT-1,1,CMO305,3208
TCCACCATCGGCTGGT-1,1,CMO305,9633
TCCACGTGTTCAACGT-1,1,CMO305,15020
TCCACGTTCCGCACTT-1,1,CMO305,7082
TCCAGAACACGCGCAT-1,1,CMO305,6123
TCCATCGGTCACTCAA-1,1,CMO305,4909
TCCATCGTCTTAGCCC-1,1,CMO305,6488
TCCATGCTCAAAGACA-1,1,CMO305,17351
TCCATGCTCTGTTCAT-1,1,CMO305,17164
TCCCACACACCTGCGA-1,1,CMO305,8894
TCCCAGTGTAGGTTTC-1,1,CMO305,8355
TCCCAGTTCATGCTAG-1,1,CMO305,11040
TCCCATGGTTTATGCG-1,1,CMO305,6929
TCCGAAAAGAAGTGTT-1,1,CMO305,18913
TCCGAAACACTGGATT-1,1,CMO305,28111
TCCGAAATCCCAGTGG-1,1,CMO305,3630
TCCGATCCAGGCGTTC-1,1,CMO305,8377
TCCGGGAAGACGACTG-1,1,CMO305,10775
TCCGGGAAGGTAAGGA-1,1,CMO305,7048
TCCGGGATCTGCCTGT-1,1,CMO305,19964
TCCGTGTGTTGGCCTG-1,1,CMO305,4474
TCCGTGTGTTTCGGCG-1,1,CMO305,13124
TCCTAATAGCAGGCAT-1,1,CMO305,14167
TCCTAATTCCATCTGC-1,1,CMO305,4142
TCCTAATTCTGAGGTT-1,1,CMO305,3471
TCCTCCCTCAAATGCC-1,1,CMO305,13293
TCCTCCCTCGCCCAGA-1,1,CMO305,7537
TCCTCCCTCTCACCCA-1,1,CMO305,14240
TCCTCGAGTGCTGATT-1,1,CMO305,7726
TCCTCGATCCACCCTA-1,1,CMO305,4167
TCCTCTTGTGAGCAGT-1,1,CMO305,35078
TCCTGCAAGGCTAACG-1,1,CMO305,10814
TCCTGCACAACGGCCT-1,1,CMO305,8425
TCCTGCACACCTATCC-1,1,CMO305,6933
TCCTGCACAGAATTCC-1,1,CMO305,8250
TCCTGCATCGAGTACT-1,1,CMO305,13154
TCCTTCTCAAGAAATC-1,1,CMO305,20231
TCCTTTCTCTGCGGAC-1,1,CMO305,11389
TCGAACACAGTCTTCC-1,1,CMO305,4466
TCGACGGAGGTAAGGA-1,1,CMO305,4418
TCGACGGGTACTCGTA-1,1,CMO305,14746
TCGATTTCATAATGAG-1,1,CMO305,5708
TCGATTTGTGCCTTCT-1,1,CMO305,4332
TCGATTTTCAAGTCTG-1,1,CMO305,6930
TCGCACTAGCATCGAG-1,1,CMO305,9253
TCGCACTAGCGTTCAT-1,1,CMO305,5460
TCGCACTAGGATACCG-1,1,CMO305,3300
TCGCACTAGTGGATTA-1,1,CMO305,7140
TCGCACTTCTAGCCAA-1,1,CMO305,8416
TCGGATAAGTACCGGA-1,1,CMO305,3192
TCGGGACCAAACTGCT-1,1,CMO305,11383
TCGGGCAAGCGCCGTT-1,1,CMO305,11538
TCGGGCACATGACTGT-1,1,CMO305,22336
TCGGGTGAGCAATTAG-1,1,CMO305,8705
TCGGGTGCACCAGCCA-1,1,CMO305,22851
TCGGGTGGTCGATTCA-1,1,CMO305,9228
TCGGGTGTCAGGACGA-1,1,CMO305,4026
TCGGGTGTCGCCCAGA-1,1,CMO305,5853
TCGGTCTCAATCCTAG-1,1,CMO305,3315
TCGGTCTCACCTCGTT-1,1,CMO305,7789
TCGGTCTGTAAGTAGT-1,1,CMO305,11791
TCGGTCTGTACTTCCC-1,1,CMO305,9172
TCGGTCTGTATACCCA-1,1,CMO305,3336
TCGTAGATCCTATTGT-1,1,CMO305,3918
TCGTCCACACCCTAGG-1,1,CMO305,5602
TCGTGCTAGAGTATAC-1,1,CMO305,4211
TCGTGCTTCTCGTCAC-1,1,CMO305,7742
TCGTGGGCAACCAACT-1,1,CMO305,8526
TCGTGGGCATTGACAC-1,1,CMO305,5772
TCTACATCAGCCCAGT-1,1,CMO305,4107
TCTACATGTGAGAGGG-1,1,CMO305,13086
TCTACCGCACCAGGTC-1,1,CMO305,3935
TCTATACCATCTCGTC-1,1,CMO305,11400
TCTATCACAGCGAGTA-1,1,CMO305,19346
TCTATCACAGCGGTCT-1,1,CMO305,8675
TCTCACGTCTAAGAAG-1,1,CMO305,4158
TCTCAGCCAGTAACAA-1,1,CMO305,3573
TCTCCGAAGGGTTTCT-1,1,CMO305,11863
TCTCTGGAGATCCCAT-1,1,CMO305,5647
TCTGCCAAGGTCGTCC-1,1,CMO305,6831
TCTGGCTAGTATGTAG-1,1,CMO305,18021
TCTGGCTTCCATTTAC-1,1,CMO305,14828
TCTTAGTTCTAGTGTG-1,1,CMO305,10256
TCTTCCTAGTACCATC-1,1,CMO305,8074
TCTTCCTAGTTTGCTG-1,1,CMO305,7261
TCTTCCTCAAACTCTG-1,1,CMO305,18656
TCTTCCTCATCCGAAT-1,1,CMO305,6936
TCTTCCTCATGACAAA-1,1,CMO305,10753
TCTTCCTCATGCCATA-1,1,CMO305,8616
TCTTGCGCAGTTACCA-1,1,CMO305,10998
TCTTTGATCCGCGGAT-1,1,CMO305,6654
TGAACGTAGGTCCGAA-1,1,CMO305,12835
TGAACGTCAAGATGGC-1,1,CMO305,8072
TGAATCGAGGGCTGAT-1,1,CMO305,6014
TGAATCGCAACGGCCT-1,1,CMO305,8994
TGACCCTGTACCCACG-1,1,CMO305,14367
TGACCCTTCCAAGCAT-1,1,CMO305,13688
TGACGCGTCGGAATGG-1,1,CMO305,13228
TGACTCCGTCCTGTTC-1,1,CMO305,4031
TGAGACTAGAGTTGAT-1,1,CMO305,14933
TGAGACTTCCCTCTAG-1,1,CMO305,4079
TGAGCATAGTATGAAC-1,1,CMO305,8713
TGAGCATGTCACTAGT-1,1,CMO305,11800
TGAGCGCCAGGACATG-1,1,CMO305,19434
TGAGGAGCAGACCCGT-1,1,CMO305,3783
TGAGGGAAGTCGTCTA-1,1,CMO305,6259
TGAGGTTAGGTTGAGC-1,1,CMO305,16688
TGAGGTTTCAACTTTC-1,1,CMO305,4357
TGAGGTTTCCTATTTG-1,1,CMO305,4603
TGAGTCACACGGCCAT-1,1,CMO305,20027
TGAGTCATCACCTACC-1,1,CMO305,16030
TGAGTCATCCAAGGGA-1,1,CMO305,16056
TGAGTCATCCTCGCAT-1,1,CMO305,6161
TGATCAGCACGTATAC-1,1,CMO305,8140
TGATCAGGTGTGAGCA-1,1,CMO305,12988
TGATCAGGTTGGAGGT-1,1,CMO305,16338
TGATCTTCAAATTAGG-1,1,CMO305,4690
TGATCTTGTCCAAGAG-1,1,CMO305,12717
TGATCTTTCAAGATAG-1,1,CMO305,14183
TGATCTTTCTCCTGAC-1,1,CMO305,5126
TGATGGTTCATGGAGG-1,1,CMO305,3974
TGATTCTAGCGATGGT-1,1,CMO305,15143
TGATTCTCAGATTAAG-1,1,CMO305,18991
TGATTCTTCACTTGTT-1,1,CMO305,4819
TGATTTCGTATTTCCT-1,1,CMO305,7513
TGATTTCGTCATCGGC-1,1,CMO305,5884
TGATTTCGTTGGTGTT-1,1,CMO305,12523
TGCACGGAGAGTCTTC-1,1,CMO305,21515
TGCACGGGTACTCGCG-1,1,CMO305,12716
TGCACGGTCTCGTGAA-1,1,CMO305,14845
TGCAGATAGATGACAT-1,1,CMO305,14450
TGCAGTAGTCGGCACT-1,1,CMO305,26966
TGCAGTAGTTCATCTT-1,1,CMO305,5266
TGCAGTATCTGGCTGG-1,1,CMO305,21186
TGCATCCAGTGAGTTA-1,1,CMO305,10827
TGCATCCCAAAGGAGA-1,1,CMO305,13561
TGCATGACAGCTCATA-1,1,CMO305,6893
TGCATGATCATTACGG-1,1,CMO305,6774
TGCCGAGAGGTAAGTT-1,1,CMO305,5641
TGCGACGGTCCATAGT-1,1,CMO305,16267
TGCGACGGTCTCACAA-1,1,CMO305,5078
TGCGACGGTGTTCCAA-1,1,CMO305,21625
TGCGATAGTGGACCAA-1,1,CMO305,3486
TGCGGGTCACCAAAGG-1,1,CMO305,15378
TGCGGGTTCTAGCAAC-1,1,CMO305,7679
TGCTCCACAACCAGAG-1,1,CMO305,9598
TGCTCCACAAGCGATG-1,1,CMO305,4199
TGCTCGTAGCCTCTTC-1,1,CMO305,11068
TGCTCGTCAAGATTGA-1,1,CMO305,3627
TGCTGAACAAATAAGC-1,1,CMO305,15838
TGCTGAACAATCGCCG-1,1,CMO305,16666
TGCTGAAGTATGCAAA-1,1,CMO305,8720
TGCTGAATCATCCTAT-1,1,CMO305,13729
TGCTTCGAGTCAACAA-1,1,CMO305,13512
TGCTTCGGTGCACGCT-1,1,CMO305,11408
TGCTTCGTCCATGATG-1,1,CMO305,27986
TGCTTGCCAGGTTCCG-1,1,CMO305,10452
TGGAACTCAAGTATAG-1,1,CMO305,10700
TGGAACTCACAACCGC-1,1,CMO305,13444
TGGAGGACAACAGAGC-1,1,CMO305,19377
TGGAGGACAACCGTAT-1,1,CMO305,18906
TGGAGGACATGACTAC-1,1,CMO305,5373
TGGATCACATAACGGG-1,1,CMO305,10222
TGGATGTCACCCTCTA-1,1,CMO305,8988
TGGATGTCAGACCAGA-1,1,CMO305,21104
TGGATGTCAGTCGGAA-1,1,CMO305,10845
TGGCGTGCAGTTGGTT-1,1,CMO305,11719
TGGCGTGTCGGCAGTC-1,1,CMO305,15878
TGGGAAGAGGGCCTCT-1,1,CMO305,18526
TGGGAGAAGTGGTTAA-1,1,CMO305,12751
TGGGATTCAACTTCTT-1,1,CMO305,8881
TGGGCTGAGCGGGTAT-1,1,CMO305,15145
TGGGTTATCATTATCC-1,1,CMO305,10198
TGGGTTATCGAACGGA-1,1,CMO305,9831
TGGGTTATCGTAGAGG-1,1,CMO305,11513
TGGGTTATCTGCTTTA-1,1,CMO305,5949
TGGTACACAGAATGTA-1,1,CMO305,19822
TGGTACACAGAGGCAT-1,1,CMO305,8519
TGGTGATCAACGTATC-1,1,CMO305,10727
TGGTTAGAGCCGATTT-1,1,CMO305,16747
TGTAACGGTCTGTGTA-1,1,CMO305,16753
TGTAAGCAGGCTTTCA-1,1,CMO305,15301
TGTACAGTCCATCTGC-1,1,CMO305,30050
TGTAGACAGTACGTCT-1,1,CMO305,23087
TGTAGACTCGGTGAAG-1,1,CMO305,17437
TGTAGACTCTCATAGG-1,1,CMO305,27408
TGTCCACCAACCTAAC-1,1,CMO305,7226
TGTCCACGTTTCGATG-1,1,CMO305,10734
TGTCCTGAGGTAGATT-1,1,CMO305,12704
TGTCCTGGTACAGTCT-1,1,CMO305,10331
TGTGATGAGCACCAGA-1,1,CMO305,5092
TGTGATGAGTAAAGCT-1,1,CMO305,17401
TGTGCGGGTTTGTGGT-1,1,CMO305,10812
TGTGGCGTCAACTACG-1,1,CMO305,10386
TGTGTGACAATCGCGC-1,1,CMO305,14759
TGTGTGAGTACTGCGC-1,1,CMO305,5686
TGTTCATAGACATACA-1,1,CMO305,12579
TGTTCTACAAGTGGTG-1,1,CMO305,3309
TGTTCTACACATGAAA-1,1,CMO305,17088
TGTTCTAGTCAACACT-1,1,CMO305,10301
TGTTCTAGTCATGACT-1,1,CMO305,18172
TGTTGAGAGTCCCGAC-1,1,CMO305,13919
TGTTTGTGTCAATCTG-1,1,CMO305,11496
TGTTTGTGTTGCATAC-1,1,CMO305,11370
TTAATCCCAGCTTCGG-1,1,CMO305,5312
TTACAGGCAGCTACCG-1,1,CMO305,6799
TTACAGGCAGTTAGGG-1,1,CMO305,21429
TTACCATTCGGAGATG-1,1,CMO305,7975
TTACCGCCACCAATTG-1,1,CMO305,7563
TTACGCCTCGTTCTGC-1,1,CMO305,18356
TTACGTTAGGGAGAAT-1,1,CMO305,4977
TTACTGTAGGAGAGGC-1,1,CMO305,4619
TTACTGTCAGCTGTTA-1,1,CMO305,14355
TTACTGTTCCATTCAT-1,1,CMO305,12016
TTAGGCACAGTTACCA-1,1,CMO305,11083
TTAGGCAGTACAGTAA-1,1,CMO305,19235
TTAGGCAGTACTCGCG-1,1,CMO305,28328
TTAGGGTCATGACGGA-1,1,CMO305,9887
TTAGTCTCAATACGAA-1,1,CMO305,14913
TTAGTCTGTTAGGGAC-1,1,CMO305,14497
TTATTGCCACAAATCC-1,1,CMO305,3296
TTATTGCTCTCTATGT-1,1,CMO305,15334
TTCACGCAGGACACTG-1,1,CMO305,10773
TTCAGGAAGGTAGTAT-1,1,CMO305,10349
TTCAGGACACGACTAT-1,1,CMO305,9288
TTCAGGATCATGACAC-1,1,CMO305,24017
TTCATTGAGCCACCGT-1,1,CMO305,3382
TTCATTGAGGTCGTGA-1,1,CMO305,12525
TTCATTGGTCGCCACA-1,1,CMO305,8024
TTCCAATCAAGCTGCC-1,1,CMO305,12362
TTCCAATCACAGGATG-1,1,CMO305,18684
TTCCACGAGCAGCCTC-1,1,CMO305,10422
TTCCACGCATACACCA-1,1,CMO305,8454
TTCCGGTAGGTCGAGT-1,1,CMO305,14770
TTCCGGTCAATTGTGC-1,1,CMO305,14627
TTCCGGTCAGCGGTCT-1,1,CMO305,7321
TTCCGGTGTCGAATGG-1,1,CMO305,6279
TTCCGTGAGGTATTGA-1,1,CMO305,4259
TTCCGTGGTGCCGTTG-1,1,CMO305,14639
TTCCTAACACAGCTGC-1,1,CMO305,6449
TTCCTAACACCCTTGT-1,1,CMO305,3456
TTCCTAATCAAGGAGC-1,1,CMO305,7590
TTCCTCTAGGAGTCTG-1,1,CMO305,7460
TTCCTTCCAACGATCT-1,1,CMO305,19581
TTCCTTCTCCGCACTT-1,1,CMO305,7332
TTCCTTCTCCTACGGG-1,1,CMO305,13995
TTCGATTTCGATAACC-1,1,CMO305,7467
TTCGATTTCTGTCTCG-1,1,CMO305,3525
TTCGGTCAGTCATGCT-1,1,CMO305,3493
TTCGGTCGTCCACACG-1,1,CMO305,17795
TTCTAACCAGCAGTGA-1,1,CMO305,22513
TTCTAGTAGCAGTAAT-1,1,CMO305,5127
TTCTAGTGTGGACCTC-1,1,CMO305,12957
TTCTAGTGTGGTTTGT-1,1,CMO305,3570
TTCTAGTGTTTACACG-1,1,CMO305,4151
TTCTAGTTCAACCCGG-1,1,CMO305,18222
TTCTGTATCCTATTGT-1,1,CMO305,15978
TTCTGTATCGGTCGGT-1,1,CMO305,5777
TTCTTCCCAACGGGTA-1,1,CMO305,21028
TTCTTCCCAGCAGACA-1,1,CMO305,17419
TTCTTCCCATGTTCGA-1,1,CMO305,8165
TTCTTCCTCCACATAG-1,1,CMO305,25252
TTCTTCCTCGATGCAT-1,1,CMO305,8217
TTCTTGAAGAATTGCA-1,1,CMO305,10402
TTCTTGAAGTAAAGCT-1,1,CMO305,11670
TTCTTGACACTTCAAG-1,1,CMO305,10982
TTGACCCTCGTCAGAT-1,1,CMO305,11748
TTGAGTGTCTCTGACC-1,1,CMO305,6445
TTGATGGAGCTAAACA-1,1,CMO305,16516
TTGATGGAGCTGTTAC-1,1,CMO305,3767
TTGATGGCACAATCTG-1,1,CMO305,7746
TTGATGGCATAATGCC-1,1,CMO305,11472
TTGATGGTCTGCATAG-1,1,CMO305,20913
TTGCATTGTGCTCTTC-1,1,CMO305,4932
TTGCGTCCAGAGATGC-1,1,CMO305,13913
TTGCTGCCACTCCGGA-1,1,CMO305,16293
TTGCTGCTCTTTCCAA-1,1,CMO305,8540
TTGGATGCAGTAACCT-1,1,CMO305,4542
TTGGATGCATAGAATG-1,1,CMO305,12358
TTGGATGCATCATCCC-1,1,CMO305,7351
TTGGGATAGTAGACCG-1,1,CMO305,14038
TTGGGATCATTGACAC-1,1,CMO305,26186
TTGGGATTCGAGTTGT-1,1,CMO305,11292
TTGGGATTCGATACTG-1,1,CMO305,7005
TTGGGATTCTTCGTGC-1,1,CMO305,6716
TTGGGCGCAGCTACCG-1,1,CMO305,21433
TTGGGTAGTTGTTGAC-1,1,CMO305,15785
TTGGGTATCGCAAGAG-1,1,CMO305,9785
TTGTGTTCAAGCGGAT-1,1,CMO305,26720
TTGTTCAGTCTGTGAT-1,1,CMO305,8388
TTGTTGTCAGCTCCTT-1,1,CMO305,6694
TTGTTGTCATAATGCC-1,1,CMO305,15133
TTGTTGTGTAACGGTG-1,1,CMO305,7569
TTGTTGTGTGAGATCG-1,1,CMO305,13045
TTGTTGTTCACGGTCG-1,1,CMO305,8725
TTGTTTGAGTTCCATG-1,1,CMO305,8115
TTGTTTGTCTACGCAA-1,1,CMO305,9820
TTTACCAAGACCAGAC-1,1,CMO305,24085
TTTACCACAATCGCCG-1,1,CMO305,12129
TTTACGTCAACGGTAG-1,1,CMO305,14226
TTTACGTCAATATCCG-1,1,CMO305,10908
TTTACGTCACCCTCTA-1,1,CMO305,12049
TTTACGTTCCGCACTT-1,1,CMO305,6640
TTTACTGGTATTGGCT-1,1,CMO305,6821
TTTACTGGTGAGTCAG-1,1,CMO305,6050
TTTACTGTCGACGCTG-1,1,CMO305,4630
TTTAGTCCACTTGTGA-1,1,CMO305,14533
TTTAGTCGTGTCATCA-1,1,CMO305,17035
TTTCACAAGATGTTGA-1,1,CMO305,19577
TTTCACAAGCATGCGA-1,1,CMO305,9502
TTTCACAAGTCCCAAT-1,1,CMO305,13011
TTTCAGTCAAATCGTC-1,1,CMO305,40348
TTTCAGTTCAGAGCGA-1,1,CMO305,13472
TTTCATGTCAACGCTA-1,1,CMO305,5568
TTTCCTCAGATTCGCT-1,1,CMO305,3206
TTTCCTCCAATAGTAG-1,1,CMO305,8691
TTTCCTCGTTAGGGTG-1,1,CMO305,11865
TTTCGATAGAGCCGTA-1,1,CMO305,15290
TTTCGATAGCCTGACC-1,1,CMO305,23421
TTTCGATCACACCAGC-1,1,CMO305,18363
TTTCGATGTAGAATGT-1,1,CMO305,5515
TTTCGATGTCAACCTA-1,1,CMO305,16120
TTTGACTGTTGGTACT-1,1,CMO305,9929
TTTGATCGTCCGTTTC-1,1,CMO305,20249
TTTGGAGCAGTGACCC-1,1,CMO305,13427
TTTGGTTTCAGCGTCG-1,1,CMO305,14432
TTTGTTGGTACGTTCA-1,1,CMO305,6945
TTTGTTGGTCCACTCT-1,1,CMO305,3581
AAAGGGCTCCTTCACG-1,1,CMO306,1376
AAAGGGCTCGAACCAT-1,1,CMO306,1330
AAAGGTAAGGGATCTG-1,1,CMO306,11273
AAATGGAAGCGCCTAC-1,1,CMO306,9230
AAATGGAAGTACCCTA-1,1,CMO306,1737
AACAGGGTCGAACTCA-1,1,CMO306,11580
AACCTTTCAGGTCCCA-1,1,CMO306,8722
AACGAAAAGAACCCGA-1,1,CMO306,16222
AAGGAATCACACACTA-1,1,CMO306,5092
AAGTCGTAGCGGTATG-1,1,CMO306,2103
AATCGACGTGATAGTA-1,1,CMO306,8904
AATCGACTCAAGTGGG-1,1,CMO306,6550
AATGACCAGGTCGAGT-1,1,CMO306,6400
ACACTGACACACCGCA-1,1,CMO306,2717
ACAGGGAAGAAATGGG-1,1,CMO306,11400
ACCGTTCCAGGGTCTC-1,1,CMO306,5969
ACCGTTCTCCACAGCG-1,1,CMO306,1090
ACGATGTGTTCCACGG-1,1,CMO306,1832
ACGGGTCCAAGCCATT-1,1,CMO306,8263
ACGTAGTTCCGCACGA-1,1,CMO306,1239
ACTATTCCAAATACAG-1,1,CMO306,12032
ACTATTCTCCCGTTCA-1,1,CMO306,1647
ACTGATGAGTTTGAGA-1,1,CMO306,8415
ACTGCAAAGTCCTGTA-1,1,CMO306,1155
ACTTTGTAGTGAACAT-1,1,CMO306,9287
AGAACCTCACGCGTCA-1,1,CMO306,6072
AGAAGCGAGGTTAAAC-1,1,CMO306,2546
AGACTCAGTCAAGTTC-1,1,CMO306,1455
AGAGCAGAGGGAACAA-1,1,CMO306,5046
AGAGCAGCAGCCTATA-1,1,CMO306,9532
AGATGAATCAGGCGAA-1,1,CMO306,8124
AGCCAATGTAAGCTCT-1,1,CMO306,2603
AGCTTCCAGTTACTCG-1,1,CMO306,2117
AGGACGAGTCCGGCAT-1,1,CMO306,1662
AGGACGATCGGTTAGT-1,1,CMO306,8083
AGTACCATCCTTGACC-1,1,CMO306,8445
AGTACTGCATGCCATA-1,1,CMO306,1980
AGTAGTCGTACGGCAA-1,1,CMO306,6205
AGTCATGTCCTTATAC-1,1,CMO306,6969
AGTCTCCTCTTAGTTC-1,1,CMO306,13174
AGTGACTGTATCACCA-1,1,CMO306,13060
AGTTCGAAGAATCGAT-1,1,CMO306,4223
ATCACAGGTCAATCTG-1,1,CMO306,1628
ATCACGACACGAGGAT-1,1,CMO306,2120
ATCACGACAGTAGAAT-1,1,CMO306,17567
ATCACGATCTGACCCT-1,1,CMO306,9069
ATCCACCAGACAACTA-1,1,CMO306,11953
ATCGATGCAGACACCC-1,1,CMO306,4614
ATGAAAGGTCGTTGCG-1,1,CMO306,13919
ATGAGTCGTTCAGGTT-1,1,CMO306,17523
ATGAGTCTCGTTCTAT-1,1,CMO306,14074
ATGGAGGAGGAGCTGT-1,1,CMO306,9062
ATGGGAGAGCCGTCGT-1,1,CMO306,3010
ATGGTTGGTCGGTACC-1,1,CMO306,2610
ATGTCCCCAGCGAACA-1,1,CMO306,4615
ATTATCCCATGACAAA-1,1,CMO306,7260
ATTCACTTCTCCGAAA-1,1,CMO306,20356
ATTGTTCCATACACCA-1,1,CMO306,3908
CAACAACGTCGCCTAG-1,1,CMO306,16194
CAAGAGGCATAAGCGG-1,1,CMO306,1759
CAAGAGGGTGGCAACA-1,1,CMO306,10261
CAAGGGAAGAAGCCTG-1,1,CMO306,985
CAATGACCACGCGCTA-1,1,CMO306,1298
CAATTTCTCGGAACTT-1,1,CMO306,938
CACAGGCAGTACCCTA-1,1,CMO306,1365
CACATGAAGGAAGTAG-1,1,CMO306,1507
CACGAATAGGACTTCT-1,1,CMO306,6030
CACTAAGTCGCCGAAC-1,1,CMO306,13802
CACTTCGTCGCTCTCA-1,1,CMO306,1924
CAGCAGCTCTGTGTGA-1,1,CMO306,941
CAGGGCTTCCTTCAGC-1,1,CMO306,6907
CATAAGCGTATGTCCA-1,1,CMO306,11069
CATACAGCAACCTATG-1,1,CMO306,1489
CATTCATGTTGCACGC-1,1,CMO306,2078
CCAAGCGGTACTCGAT-1,1,CMO306,1058
CCACACTCAAATGAAC-1,1,CMO306,20682
CCACTTGTCCGTGTCT-1,1,CMO306,6959
CCCAACTTCTTGCAGA-1,1,CMO306,979
CCCGGAACAAGCAGGT-1,1,CMO306,1042
CCCGGAACACGACGAA-1,1,CMO306,19151
CCGGGTAGTGACAGCA-1,1,CMO306,1311
CCGTAGGAGATGAACT-1,1,CMO306,4407
CCTCAGTTCACCCTCA-1,1,CMO306,7598
CCTCATGCAGTGCCTG-1,1,CMO306,1191
CCTCCTCCACAGCTGC-1,1,CMO306,4731
CCTTTGGTCGGACAAG-1,1,CMO306,7025
CGACAGCTCGAGCCAC-1,1,CMO306,1082
CGAGAAGAGGCCCGTT-1,1,CMO306,1018
CGAGGAATCATCGCAA-1,1,CMO306,7747
CGATGCGTCTAAACGC-1,1,CMO306,11846
CGCAGGTCAACTCCCT-1,1,CMO306,1038
CGCATGGTCACGAGGA-1,1,CMO306,868
CGGGCATAGGATAATC-1,1,CMO306,929
CGTTAGAGTGGACAGT-1,1,CMO306,11403
CTAACTTTCCGTAGGC-1,1,CMO306,2367
CTACTATGTGGTCCGT-1,1,CMO306,11658
CTATCCGAGGGTAATT-1,1,CMO306,1837
CTCAGAATCCCTAGGG-1,1,CMO306,1445
CTCCCAAGTTGGGTTT-1,1,CMO306,1268
CTGCCATTCGGAACTT-1,1,CMO306,7637
CTGGTCTAGCATGCGA-1,1,CMO306,5810
CTGTGAACAATACGAA-1,1,CMO306,1186
CTTAGGAGTAGAGCTG-1,1,CMO306,24012
CTTCTCTTCCGTGGCA-1,1,CMO306,3048
CTTGAGAGTTAGCGGA-1,1,CMO306,3430
CTTTCAATCACCATAG-1,1,CMO306,8022
CTTTCAATCAGGCGAA-1,1,CMO306,6302
GAAGCCCGTTGGGATG-1,1,CMO306,1324
GAAGGGTCATCGATGT-1,1,CMO306,2103
GAAGGGTGTCTCCCTA-1,1,CMO306,1839
GACTCTCCAGATCCTA-1,1,CMO306,1380
GAGACTTTCAGGAGAC-1,1,CMO306,1623
GAGCTGCCAGAGGGTT-1,1,CMO306,6484
GAGGGATCACTCAAGT-1,1,CMO306,21005
GAGTGAGAGTCCGTCG-1,1,CMO306,10319
GATAGAACAAGCAGGT-1,1,CMO306,16437
GATAGAACATCTCATT-1,1,CMO306,17155
GATCACACACCTCGTT-1,1,CMO306,14493
GATCAGTGTAATTAGG-1,1,CMO306,7483
GATGTTGAGTTCCGTA-1,1,CMO306,16394
GCACATATCATGACAC-1,1,CMO306,8147
GCACGGTGTACAACGG-1,1,CMO306,1457
GCAGCCAAGCGCGTTC-1,1,CMO306,1383
GCATCGGTCCACCTCA-1,1,CMO306,5220
GCATGATCATCGATAC-1,1,CMO306,2478
GCCAGCAGTTGTGTAC-1,1,CMO306,1358
GCCATTCGTACATACC-1,1,CMO306,5122
GCCTGTTTCCCATGGG-1,1,CMO306,7002
GCGTTTCAGCATGGGT-1,1,CMO306,9435
GCTACAAGTAGGTCAG-1,1,CMO306,25037
GCTGCAGAGAAGTCTA-1,1,CMO306,13298
GCTTTCGTCTTAGGAC-1,1,CMO306,4125
GGAGATGTCGAATGCT-1,1,CMO306,9162
GGAGGTACAACTGAAA-1,1,CMO306,12587
GGATGTTGTCTAATCG-1,1,CMO306,2904
GGGACAAGTCGTAATC-1,1,CMO306,1816
GGGACCTGTAGCTGCC-1,1,CMO306,10672
GGGTATTTCATGCTAG-1,1,CMO306,1974
GGGTCTGCAGCTGTGC-1,1,CMO306,11298
GGGTGAATCATTTCCA-1,1,CMO306,9597
GGTCACGTCCATAGAC-1,1,CMO306,10937
GGTCACGTCGGAGATG-1,1,CMO306,5354
GGTCTGGAGTCCGTCG-1,1,CMO306,12400
GGTTGTACAGTGTGCC-1,1,CMO306,7725
GTAATGCGTTCGGTTA-1,1,CMO306,13671
GTAATGCTCGAAGTGG-1,1,CMO306,1682
GTAGATCGTATGTCCA-1,1,CMO306,18392
GTATTGGCATTGGGAG-1,1,CMO306,3450
GTCAGCGCACATCATG-1,1,CMO306,4789
GTCATTTAGGGTCACA-1,1,CMO306,7749
GTCGTAATCGCTTGAA-1,1,CMO306,16204
GTCTACCAGTATGTAG-1,1,CMO306,1390
GTGCGTGAGAGCATTA-1,1,CMO306,11083
GTGTTCCGTAAGGCCA-1,1,CMO306,14472
GTTGAACAGGTAATCA-1,1,CMO306,11345
GTTGTGATCATGCATG-1,1,CMO306,8321
TAAGCACCAGTGTATC-1,1,CMO306,5644
TACCTCGTCACGGGCT-1,1,CMO306,4546
TACTTCATCACTAGCA-1,1,CMO306,5204
TAGACCATCGACACCG-1,1,CMO306,8162
TAGAGTCCAATGCAAA-1,1,CMO306,2471
TAGTGCACACGGTAGA-1,1,CMO306,26152
TATACCTCATACGCAT-1,1,CMO306,1145
TATCTTGAGCGCCTTG-1,1,CMO306,4302
TATGTTCGTTCCTAGA-1,1,CMO306,1292
TATTGGGTCATCCCGT-1,1,CMO306,11499
TCAAGCATCATTGCGA-1,1,CMO306,9909
TCACATTAGAAAGCGA-1,1,CMO306,8200
TCACTCGGTTAGTTCG-1,1,CMO306,2330
TCACTCGGTTCACCGG-1,1,CMO306,1427
TCAGCAAGTTCCGTTC-1,1,CMO306,7823
TCAGCCTCACTTTAGG-1,1,CMO306,17792
TCAGGTAGTACAGGTG-1,1,CMO306,18214
TCAGGTAGTGGACAGT-1,1,CMO306,2846
TCATTACCATCTTCGC-1,1,CMO306,9292
TCATTCACACGAGGTA-1,1,CMO306,11805
TCATTCAGTTTATGCG-1,1,CMO306,1201
TCCACGTGTGACGTCC-1,1,CMO306,8662
TCCATCGAGCAAGCCA-1,1,CMO306,24423
TCCCAGTTCACGATAC-1,1,CMO306,10372
TCCTCGAAGCTGACTT-1,1,CMO306,18288
TCCTTTCGTCTGTCCT-1,1,CMO306,1454
TCGATTTGTCTGCATA-1,1,CMO306,1147
TCGTCCATCCATTGTT-1,1,CMO306,9167
TCTCCGATCTTCCCGA-1,1,CMO306,5968
TCTCTGGTCGTACACA-1,1,CMO306,1726
TCTGGCTCAGATCCAT-1,1,CMO306,2237
TCTGTCGAGTTGGACG-1,1,CMO306,1413
TCTTAGTTCGCCAGAC-1,1,CMO306,5357
TGAATCGAGTATGAGT-1,1,CMO306,5208
TGACAGTGTTAAGGGC-1,1,CMO306,5536
TGATCAGGTCCCGGTA-1,1,CMO306,5195
TGATGCACAGAGCTAG-1,1,CMO306,4549
TGATGCATCATTCATC-1,1,CMO306,1474
TGCAGATAGAAGGGAT-1,1,CMO306,1971
TGCTCGTAGCTCGTGC-1,1,CMO306,6033
TGCTCGTTCGCAAGAG-1,1,CMO306,9413
TGCTTCGCACTTACAG-1,1,CMO306,8217
TGGCGTGTCTCCCATG-1,1,CMO306,7181
TGGGATTCACAGTGAG-1,1,CMO306,1244
TGTCAGAGTCTCACGG-1,1,CMO306,9364
TGTCCTGAGTGGATTA-1,1,CMO306,1541
TGTTACTCATGCCGAC-1,1,CMO306,17162
TGTTGGACAACCGTAT-1,1,CMO306,1863
TGTTTGTGTCCCGCAA-1,1,CMO306,15361
TTAGGCAGTTGGGTTT-1,1,CMO306,5316
TTATTGCGTGGGTCAA-1,1,CMO306,10068
TTCACGCGTTATCTGG-1,1,CMO306,6608
TTCATGTGTTTAGTCG-1,1,CMO306,8381
TTCCTTCAGTTGTAAG-1,1,CMO306,1100
TTCGATTTCACCTACC-1,1,CMO306,5605
TTCGGTCAGCACCAGA-1,1,CMO306,23810
TTCTAACTCGGACGTC-1,1,CMO306,5272
TTGATGGGTTCATCGA-1,1,CMO306,1171
TTGCATTTCGTAACAC-1,1,CMO306,10181
TTGGGCGGTATCTCTT-1,1,CMO306,4962
TTGTTGTGTGCATGAG-1,1,CMO306,1442
TTTACTGCAGGTCAAG-1,1,CMO306,11376
TTTAGTCTCTCGTGGG-1,1,CMO306,22086
TTTCAGTGTTCAAAGA-1,1,CMO306,11295
TTTGACTTCTTGGGCG-1,1,CMO306,8552
TTTGGTTCAGTGGCTC-1,1,CMO306,4678
TTTGGTTGTAACGTTC-1,1,CMO306,18684
